index,word,onset,offset,boundary,filler,comments,, ,glossary,  
1,okay,0.37,0.46,1,2,,,,0,non-boundary
2,um,0.46,0.52,0,1,,,,1,clause boundary
3,so,0.52,0.58,0,2,,,,2,restart
4,the,0.58,0.61,0,,,,,3,back to previous clause
5,thing,0.61,24.91,0,,,,,4,transient boundary
6,starts,29.940001,30.309999,0,,,,,,
7,with,30.309999,30.4,0,,,,,,
8,like,31.030001,33.099998,0,1,,,,,
9,this,33.619999,33.77,0,,,,,,
10,kind,33.889999,34.009998,0,2,,,,,
11,of,34.009998,34.139999,0,2,,,,,
12,beachy,34.299999,34.889999,0,,,,,,
13,scene,35.009998,35.459999,0,,,,,,
14,almost,35.459999,35.75,0,,,,,,
15,with,35.75,35.84,0,,,,,,
16,sand,35.970001,36.360001,1,,,,,,
17,and,36.360001,36.450001,0,,,,,,
18,then,36.450001,36.630001,0,,,,,,
19,you,36.630001,36.830002,0,,,,,,
20,see,36.91,37.25,0,,,,,,
21,this,37.68,37.810001,0,,,,,,
22,kid,37.91,38.18,0,,,,,,
23,merlin,38.18,38.84,0,,,,,,
24,start,38.889999,39.09,0,,,,,,
25,walking,39.09,39.450001,0,,,,,,
26,up,39.450001,39.75,1,,,,,,
27,and,40.189999,40.299999,0,,,,,,
28,it,40.299999,40.48,0,,,,,,
29,flashes,40.48,40.869999,0,,,,,,
30,through,40.93,41.040001,0,,,,,,
31,a,41.040001,41.07,0,,,,,,
32,bunch,41.07,41.34,0,,,,,,
33,of,41.34,41.439999,0,,,,,,
34,like,41.439999,41.610001,0,1,,,,,
35,scenes,41.689999,41.900002,0,,,,,,
36,of,41.900002,42.009998,0,,,,,,
37,just,42.009998,42.139999,0,,,,,,
38,traveling,42.139999,42.75,0,,,,,,
39,like,42.75,42.939999,0,1,,,,,
40,in,43.529999,43.68,0,,,,,,
41,fairly,43.68,43.959999,0,,,,,,
42,rural,43.959999,44.330002,0,,,,,,
43,areas,44.330002,44.849998,1,,,,,,
44,and,44.849998,44.91,0,,,,,,
45,the,44.91,45.099998,0,,,,,,
46,music's,45.099998,45.380001,0,,,,,,
47,upbeat,45.439999,45.830002,0,,,,,,
48,and,45.830002,45.939999,0,,,,,,
49,happy,45.939999,46.41,1,,,,,,
50,and,46.41,46.5,0,,,,,,
51,then,47.32,47.720001,0,,,,,,
52,um,47.75,48.139999,0,1,,,,,
53,like,48.59,48.720001,0,1,,,,,
54,the,48.720001,48.82,0,,,,,,
55,title,48.82,49.380001,0,,,,,,
56,scene,49.450001,49.82,2,,,,,,
57,the,49.82,50,0,,,,,,
58,credits,50,50.41,0,,,,,,
59,roll,50.689999,51.130001,0,,,,,,
60,with,51.5,51.650002,0,,,,,,
61,the,51.650002,51.73,0,,,,,,
62,music,51.73,52.290001,1,,,,,,
63,and,52.290001,52.369999,0,,,,,,
64,you,52.369999,52.669998,0,,,,,,
65,see,52.700001,52.810001,0,,,,,,
66,like,52.810001,52.939999,0,1,,,,,
67,a,52.939999,53,0,,,,,,
68,bunch,53,53.240002,0,,,,,,
69,of,53.240002,53.43,0,,,,,,
70,like,53.43,53.57,0,1,,,,,
71,medieval,53.740002,54.32,0,,,,,,
72,imagery,54.32,54.939999,0,,,,,,
73,and,54.939999,55.119999,0,,,,,,
74,fire,55.560001,55.990002,0,,,,,,
75,and,55.990002,56.18,0,,,,,,
76,stuff,56.18,56.48,1,,,,,,
77,um,57.43,57.919998,0,1,,,,,
78,so,59.48,59.560001,0,2,,,,,
79,then,59.560001,59.669998,0,,,,,,
80,after,59.75,59.970001,0,,,,,,
81,that,59.970001,60.09,0,,,,,,
82,uh,60.34,60.689999,0,1,,,,,
83,this,60.689999,60.919998,0,,,,,,
84,kid,60.919998,61.16,0,,,,,,
85,just,61.16,61.32,0,,,,,,
86,keeps,61.32,61.509998,0,,,,,,
87,walking,61.509998,62.02,1,,,,,,
88,he's,62.02,62.099998,0,,,,,,
89,now,62.099998,62.529999,0,,,,,,
90,in,62.529999,62.599998,0,,,,,,
91,a,62.599998,62.639999,0,,,,,,
92,town,62.639999,63.16,0,,,,,,
93,with,63.16,63.27,0,,,,,,
94,like,63.27,63.41,0,1,,,,,
95,lots,63.41,63.669998,0,,,,,,
96,of,63.669998,63.759998,0,,,,,,
97,people,63.759998,64.349998,1,,,,,,
98,um,64.779999,65.300003,0,1,,,,,
99,it's,65.330002,65.389999,0,,,,,,
100,very,65.389999,65.68,0,,,,,,
101,obviously,65.68,66.230003,0,,,,,,
102,like,66.230003,66.459999,0,1/0,we disagreed,,,,
103,medieval,66.879997,67.309998,0,,,,,,
104,times,67.309998,67.849998,1,,,,,,
105,uh,67.940002,68.190002,0,1,,,,,
106,he's,68.190002,68.349998,0,,,,,,
107,got,68.349998,68.480003,0,,,,,,
108,like,68.480003,68.629997,0,1,,,,,
109,this,68.629997,68.739998,0,,,,,,
110,backpack,68.739998,69.379997,0,,,,,,
111,and,69.379997,69.5,0,,,,,,
112,stuff,69.5,69.970001,1,,,,,,
113,and,70.169998,70.32,0,,,,,,
114,he's,70.32,70.650002,0,,,,,,
115,traveled,70.650002,71.160004,0,,,,,,
116,a,71.160004,71.269997,0,,,,,,
117,long,71.269997,71.550003,0,,,,,,
118,way,71.580002,72.040001,0,,,,,,
119,um,72.349998,72.660004,0,1,,,,,
120,we,72.720001,72.830002,0,,,,,,
121,understand,72.830002,73.440002,1,,,,,,
122,so,73.989998,74.07,0,2,,,,,
123,um,74.07,74.620003,0,1,,,,,
124,everyone's,74.889999,75.290001,0,,,,,,
125,congregated,75.290001,76.160004,1,,,,,,
126,and,76.160004,76.220001,0,,,,,,
127,he,76.220001,76.489998,0,,,,,,
128,joins,76.489998,76.919998,0,,,,,,
129,this,76.919998,77.080002,0,,,,,,
130,crowd,77.080002,77.339996,0,,,,,,
131,of,77.339996,77.459999,0,,,,,,
132,people,77.459999,77.940002,1,,,,,,
133,and,78.540001,79,0,,,,,,
134,we,79.959999,80.190002,0,,,,,,
135,see,80.190002,80.43,0,,,,,,
136,this,80.43,80.650002,0,,,,,,
137,other,80.650002,80.900002,0,,,,,,
138,man,80.900002,81.190002,0,,,,,,
139,being,81.190002,81.400002,0,,,,,,
140,led,81.400002,81.660004,0,,,,,,
141,up,81.660004,81.870003,0,,,,,,
142,to,82.019997,82.510002,0,,,,,,
143,like,82.870003,83.080002,0,1,,,,,
144,this,83.080002,83.190002,0,,,,,,
145,little,83.300003,83.559998,0,,,,,,
146,stump,83.669998,84.010002,0,,,,,,
147,thing,84.010002,84.18,0,,,,,,
148,by,84.230003,84.339996,0,,,,,,
149,two,84.339996,84.540001,0,,,,,,
150,guards,84.540001,85.029999,1,,,,,,
151,and,85.489998,85.830002,0,,,,,,
152,we,85.830002,85.93,0,,,,,,
153,understand,85.93,86.220001,0,,,,,,
154,that,86.220001,86.309998,0,,,,,,
155,he's,86.309998,86.449997,0,,,,,,
156,about,86.449997,86.580002,0,,,,,,
157,to,86.580002,86.669998,0,,,,,,
158,be,86.669998,86.75,0,,,,,,
159,executed,86.75,87.389999,1,,,,,,
160,and,87.389999,87.489998,0,,,,,,
161,then,87.489998,87.779999,0,,,,,,
162,um,88.25,88.529999,0,1,,,,,
163,the,89.980003,90.269997,0,,,,,,
164,king,90.370003,90.57,0,,,,,,
165,of,90.970001,91.459999,2,,,,,,
166,i,91.459999,91.629997,0,,,,,,
167,don't,91.629997,91.779999,2,,,,,,
168,yeah,91.919998,91.989998,0,1,,,,,
169,i,91.989998,92.050003,0,,,,,,
170,guess,92.050003,92.589996,0,,,,,,
171,just,92.589996,92.660004,0,,,,,,
172,the,92.660004,92.919998,0,,,,,,
173,king,92.919998,93.279999,2,,"prosodically finishes a sentence, but it's not a sentence.",,,,
174,he,93.580002,93.779999,0,,,,,,
175,starts,94.010002,94.349998,0,,,,,,
176,talking,94.349998,94.599998,1,,,,,,
177,he,94.599998,94.629997,0,,,,,,
178,says,94.629997,94.910004,0,,,,,,
179,that,94.910004,95.089996,0,,,,,,
180,this,95.089996,95.25,0,,,,,,
181,man,95.25,95.510002,0,,,,,,
182,is,95.510002,95.629997,0,,,,,,
183,going,95.629997,95.760002,0,,,,,,
184,to,95.760002,95.82,0,,,,,,
185,be,95.82,95.959999,0,,,,,,
186,killed,95.959999,96.279999,0,,,,,,
187,because,96.279999,96.57,0,,,,,,
188,he,96.57,96.769997,0,,,,,,
189,practiced,96.769997,97.199997,0,,,,,,
190,magic,97.199997,97.790001,0,,,,,,
191,and,98.139999,98.610001,0,,,,,,
192,that,98.610001,98.870003,0,,,,,,
193,um,98.870003,99.32,0,1,,,,,
194,he's,99.32,99.470001,0,,,,,,
195,going,99.470001,99.620003,0,,,,,,
196,to,99.620003,99.690002,0,,,,,,
197,serve,99.730003,99.949997,0,,,,,,
198,as,99.949997,100.120003,0,,,,,,
199,an,100.370003,100.480003,0,,,,,,
200,example,100.480003,101.010002,0,,,,,,
201,to,101.260002,101.360001,0,,,,,,
202,not,101.360001,101.720001,0,,,,,,
203,do,101.720001,101.860001,0,,,,,,
204,that,101.860001,102.099998,1,,,,,,
205,so,102.699997,102.800003,0,2,,,,,
206,then,102.800003,103.199997,0,,,,,,
207,um,103.230003,103.800003,0,1,,,,,
208,the,104.599998,104.690002,0,,,,,,
209,man,104.690002,105.059998,0,,,,,,
210,is,105.059998,105.129997,0,,,,,,
211,killed,105.129997,105.559998,1,,,,,,
212,everyone,105.559998,106.07,0,,,,,,
213,looks,106.150002,106.339996,0,,,,,,
214,fairly,106.339996,106.620003,0,,,,,,
215,horrified,106.620003,107.120003,1,,,,,,
216,this,107.400002,107.5,0,,,,,,
217,whole,107.5,107.669998,0,,,,,,
218,time,107.669998,107.879997,0,,,,,,
219,there's,107.879997,108.050003,0,,,,,,
220,this,108.050003,108.199997,0,,,,,,
221,girl,108.379997,108.75,0,,,,,,
222,in,108.75,108.839996,0,,,,,,
223,the,108.839996,108.940002,0,,,,,,
224,window,108.940002,109.669998,0,,,,,,
225,um,109.699997,110,0,1,,,,,
226,that,110.120003,110.379997,0,,,,,,
227,i,110.82,110.970001,0,,,,,,
228,guess,110.970001,111.239998,0,,,,,,
229,we're,111.529999,111.900002,0,,,,,,
230,we're,111.900002,112.260002,0,,repetition,,,,
231,supposed,112.260002,112.489998,0,,,,,,
232,to,112.489998,112.550003,0,,,,,,
233,think,112.550003,112.720001,0,,,,,,
234,is,112.720001,112.809998,0,,,,,,
235,important,112.809998,113.690002,0,,,,,,
236,because,113.690002,113.959999,0,,,,,,
237,she,113.959999,114.099998,0,,,,,,
238,keeps,114.099998,114.370003,0,,,,,,
239,being,114.370003,114.550003,0,,,,,,
240,shown,114.550003,114.900002,1,,,,,,
241,um,115.93,116.300003,0,1,,,,,
242,after,116.800003,117.279999,0,,,,,,
243,the,117.279999,118.019997,0,,,,,,
244,man,118.050003,118.230003,0,,,,,,
245,is,118.230003,118.349998,0,,,,,,
246,killed,118.470001,118.889999,0,,,,,,
247,hi,119.550003,119.889999,2,,,,,,
248,um,119.919998,120.440002,0,1,,,,,
249,the,120.639999,120.709999,0,,,,,,
250,king,120.709999,121.120003,0,,,,,,
251,says,121.150002,121.379997,1,,,,,,
252,like,121.379997,121.669998,0,1,,,,,
253,let,121.669998,121.839996,0,,start quote,,,,
254,the,121.839996,121.919998,0,,,,,,
255,festivities,121.919998,122.540001,0,,,,,,
256,begin,122.540001,122.919998,1,,end quote,,,,
257,and,122.919998,123,0,,,,,,
258,i,123,123.089996,0,,,,,,
259,guess,123.089996,123.269997,0,,,,,,
260,they're,123.269997,123.419998,0,,,,,,
261,celebrating,123.419998,124.019997,0,,,,,,
262,like,124.559998,124.809998,0,1,,,,,
263,not,125.349998,125.690002,0,,,,,,
264,using,125.690002,126.110001,0,,,,,,
265,magic,126.139999,126.510002,0,,,,,,
266,in,126.510002,126.599998,0,,,,,,
267,the,126.629997,126.699997,0,,,,,,
268,kingdom,126.699997,127.099998,1,,,,,,
269,um,127.550003,127.879997,0,1,,,,,
270,the,129.419998,129.850006,2,,,,,,
271,uh,130.419998,130.619995,0,1,,,,,
272,before,130.619995,130.929993,0,,,,,,
273,the,130.929993,131.009995,0,,,,,,
274,crowd,131.009995,131.330002,0,,,,,,
275,fully,131.330002,131.539993,0,,,,,,
276,disperses,131.539993,132.440002,0,,,,,,
277,this,132.440002,132.630005,0,,,,,,
278,woman,132.630005,133.039993,0,,,,,,
279,starts,133.039993,133.270004,0,,,,,,
280,screaming,133.270004,133.880005,1,,,,,,
281,and,133.880005,134.190002,0,,,,,,
282,turns,134.660004,134.910004,0,,,,,,
283,out,134.910004,135.089996,0,,,,,,
284,that,135.089996,135.270004,0,,,,,,
285,she's,135.270004,135.649994,0,,,,,,
286,the,135.649994,135.820007,0,,,,,,
287,uh,136.029999,136.320007,0,1,,,,,
288,executed,136.350006,136.899994,0,,,,,,
289,man's,136.899994,137.240005,0,,,,,,
290,mother,137.240005,137.589996,1,,,,,,
291,and,137.990005,138.389999,0,,,,,,
292,um,138.389999,138.990005,0,1,,,,,
293,she's,139.389999,139.630005,0,,,,,,
294,pretty,139.899994,140.110001,0,,,,,,
295,distressed,140.110001,140.570007,1,,,,,,
296,calls,141.050003,141.419998,0,,,,,,
297,the,141.419998,141.529999,0,,,,,,
298,king,141.529999,142.110001,0,,,,,,
299,the,142.149994,142.25,0,,,,,,
300,only,142.25,142.529999,0,,,,,,
301,evil,142.529999,142.800003,0,,,,,,
302,thing,142.800003,143.259995,1,,,,,,
303,um,143.710007,144.350006,0,1,,,,,
304,says,145.839996,146.419998,0,,,,,,
305,that,146.419998,146.460007,0,,,,,,
306,before,146.460007,146.860001,0,,,,,,
307,the,146.860001,147.229996,0,,,,,,
308,festivities,147.259995,147.949997,0,,,,,,
309,are,147.949997,148.100006,0,,,,,,
310,over,148.100006,148.550003,0,,,,,,
311,uh,149.080002,149.610001,0,1,,,,,
312,he's,149.820007,150.270004,0,,,,,,
313,going,150.270004,150.789993,0,,,,,,
314,to,150.789993,151.179993,2,,,,,,
315,one,151.210007,151.389999,0,,,,,,
316,of,151.389999,151.630005,0,,,,,,
317,his,151.630005,151.919998,0,,,,,,
318,kids,152.149994,152.369995,0,,,,,,
319,is,152.369995,152.470001,0,,,,,,
320,going,152.470001,152.630005,0,,,,,,
321,to,152.630005,152.660004,0,,,,,,
322,be,152.660004,152.779999,0,,,,,,
323,dead,152.779999,153.020004,0,,,,,,
324,anyways,153.020004,153.479996,1,,,,,,
325,and,153.960007,154.080002,0,,,,,,
326,then,154.080002,154.440002,0,,,,,,
327,um,154.440002,154.679993,0,1,,,,,
328,before,154.679993,155.110001,0,,,,,,
329,the,155.110001,155.190002,0,,,,,,
330,guards,155.190002,155.529999,0,,,,,,
331,can,155.529999,155.699997,0,,,,,,
332,seize,155.699997,155.979996,0,,,,,,
333,her,155.979996,156.25,0,,,,,,
334,she,156.589996,156.660004,0,,,,,,
335,kind,156.660004,156.839996,0,2,,,,,
336,of,156.839996,156.970001,0,2,,,,,
337,like,156.970001,157.169998,0,1,,,,,
338,turns,157.600006,157.880005,0,,,,,,
339,into,157.880005,158.160004,0,,,,,,
340,this,158.160004,158.360001,0,,,,,,
341,tornado,158.360001,159.179993,0,,,,,,
342,and,159.179993,159.419998,0,,,,,,
343,disappears,159.419998,159.940002,1,,,,,,
344,um,161.460007,161.839996,0,1,,,,,
345,so,161.839996,161.899994,0,2,,,,,
346,then,162.380005,162.850006,0,,,,,,
347,merlin,162.990005,163.399994,0,,,,,,
348,leaves,163.399994,163.710007,0,,,,,,
349,kind,163.710007,163.889999,0,2,,,,,
350,of,163.889999,163.979996,0,2,,,,,
351,shaken,163.979996,164.460007,1,,,,,,
352,he,164.740005,164.979996,0,,,,,,
353,goes,164.979996,165.279999,0,,,,,,
354,to,165.440002,165.720001,0,,,,,,
355,the,165.720001,166.270004,2,,,,,,
356,um,166.300003,166.889999,0,1,,,,,
357,i,168.199997,168.240005,0,,,,,,
358,forgot,168.240005,168.539993,0,,,,,,
359,what,168.539993,168.75,0,,,,,,
360,the,168.75,168.899994,0,,,,,,
361,guy's,168.899994,169.289993,0,,,,,,
362,name,169.289993,169.460007,0,,,,,,
363,was,169.460007,169.600006,0,,,,,,
364,the,169.600006,169.970001,3,,,,,,
365,oh,170.009995,170.179993,0,1,,,,,
366,the,170.179993,170.279999,0,,repetition,,,,
367,court,170.279999,170.610001,0,,,,,,
368,physician,170.610001,171.139999,1,,,,,,
369,and,171.690002,172.25,0,,,,,,
370,um,172.300003,172.860001,0,1,,,,,
371,he,173.169998,173.279999,0,,,,,,
372,has,173.279999,173.419998,0,,,,,,
373,a,173.419998,173.5,0,,,,,,
374,letter,173.5,173.800003,0,,,,,,
375,for,173.800003,173.940002,0,,,,,,
376,the,173.940002,174.029999,0,,,,,,
377,court,174.029999,174.339996,0,,,,,,
378,physician,174.339996,174.809998,1,,,,,,
379,but,175.279999,175.649994,0,,,,,,
380,before,175.649994,176.139999,2,,,,,,
381,???,176.15,178.96,0,,noise,,,,
382,so,178.970001,179.720001,0,,,,,,
383,um,179.75,180.160004,0,1,,,,,
384,he,180.240005,180.639999,2,,,,,,
385,when,181.309998,181.449997,0,,,,,,
386,he,181.449997,181.539993,0,,,,,,
387,goes,181.539993,181.899994,0,,,,,,
388,into,181.899994,182.050003,0,,,,,,
389,the,182.050003,182.389999,0,,,,,,
390,room,182.389999,182.75,0,,,,,,
391,the,183.179993,183.25,0,,,,,,
392,guy's,183.25,183.619995,0,,,,,,
393,standing,183.619995,184.009995,0,,,,,,
394,on,184.009995,184.089996,0,,,,,,
395,top,184.089996,184.279999,0,,,,,,
396,of,184.509995,184.899994,0,,,,,,
397,like,184.899994,185.169998,0,1,,,,,
398,a,185.699997,185.830002,0,,,,,,
399,balcony,185.830002,186.279999,0,,,,,,
400,kind,186.279999,186.490005,0,,,,,,
401,of,186.490005,186.539993,0,,,,,,
402,thing,186.539993,186.860001,1,,,,,,
403,and,187.300003,187.639999,0,,,,,,
404,um,187.639999,187.889999,0,1,,,,,
405,he,187.889999,187.990005,0,,,,,,
406,startles,187.990005,188.399994,0,,,,,,
407,him,188.399994,188.610001,1,,,,,,
408,so,188.690002,189.070007,0,,,,,,
409,the,189.710007,189.979996,0,,,,,,
410,court,189.979996,190.270004,0,,,,,,
411,physician,190.270004,190.619995,2,,,,,,
412,he,190.619995,190.729996,0,,,,,,
413,falls,190.729996,191.300003,1,,,,,,
414,but,191.800003,192.029999,0,,,,,,
415,before,192.029999,192.410004,0,,,,,,
416,he,192.410004,192.610001,0,,,,,,
417,can,192.610001,192.880005,0,,,,,,
418,fall,192.880005,193.059998,0,,,,,,
419,on,193.059998,193.119995,0,,,,,,
420,the,193.119995,193.199997,0,,,,,,
421,ground,193.199997,193.600006,0,,,,,,
422,um,194.860001,195.119995,0,1,,,,,
423,merlin,195.119995,195.619995,0,,,,,,
424,who,195.619995,195.740005,0,,,,,,
425,is,195.740005,196.089996,0,,,,,,
426,magical,196.089996,196.539993,0,,,,,,
427,like,196.539993,196.669998,0,1,,,,,
428,kind,196.669998,196.839996,0,,,,,,
429,of,196.839996,196.880005,0,,,,,,
430,catches,196.880005,197.240005,0,,,,,,
431,him,197.240005,197.570007,0,,,,,,
432,and,197.570007,197.809998,0,,,,,,
433,slides,197.809998,198.020004,0,,,,,,
434,the,198.020004,198.110001,0,,,,,,
435,bed,198.110001,198.300003,0,,,,,,
436,under,198.300003,198.630005,0,,,,,,
437,him,198.630005,198.699997,0,,,,,,
438,so,199.160004,199.240005,0,,,,,,
439,he,199.240005,199.440002,0,,,,,,
440,lands,199.440002,199.929993,0,,,,,,
441,on,199.929993,200.220001,0,,,,,,
442,it,200.220001,200.449997,0,,,,,,
443,nicely,200.449997,201.009995,1,,,,,,
444,um,201.490005,201.970001,0,1,,,,,
445,and,203.460007,203.550003,0,,,,,,
446,yeah,203.550003,203.660004,0,1,,,,,
447,so,203.869995,203.949997,0,2,,,,,
448,the,203.949997,204.039993,0,,,,,,
449,guy's,204.039993,204.410004,0,,,,,,
450,shocked,204.889999,205.350006,0,,,,,,
451,at,205.350006,205.539993,0,,"not 100% sure where ""at first"" belongs",,,,
452,first,205.539993,205.759995,1,,,,,,
453,merlin,205.759995,206.119995,0,,,,,,
454,tries,206.580002,206.740005,0,,,,,,
455,to,206.740005,206.809998,0,,,,,,
456,pass,206.809998,207.149994,0,,,,,,
457,it,207.149994,207.220001,0,,,,,,
458,off,207.220001,207.279999,0,,,,,,
459,as,207.449997,207.699997,0,,,,,,
460,like,207.699997,207.970001,0,1,"length consistent with fillers, might have a non-filler meaning",,,,
461,he,207.970001,208.139999,0,,,,,,
462,didn't,208.139999,208.410004,0,,,,,,
463,do,208.410004,208.529999,0,,,,,,
464,anything,208.529999,208.919998,0,,,,,,
465,and,208.919998,209,0,,,,,,
466,then,209,209.190002,0,,,,,,
467,later,209.639999,209.889999,0,,,,,,
468,just,209.889999,210.100006,0,,,,,,
469,admits,210.100006,210.360001,0,,,,,,
470,that,210.360001,210.460007,0,,,,,,
471,he,210.460007,210.559998,0,,,,,,
472,was,210.559998,210.75,0,,,,,,
473,born,210.75,210.990005,0,,,,,,
474,with,210.990005,211.410004,0,,,,,,
475,magic,211.410004,211.860001,1,,,,,,
476,so,213.570007,213.699997,0,,,,,,
477,he,213.699997,213.830002,0,,,,,,
478,hands,213.830002,214.130005,0,,,,,,
479,the,214.130005,214.259995,0,,,,,,
480,guy,214.259995,214.779999,0,,,,,,
481,the,214.779999,215.309998,0,,,,,,
482,um,215.339996,215.800003,0,1,,,,,
483,letter,216.529999,217.029999,1,,,,,,
484,and,217.429993,217.570007,0,,,,,,
485,then,217.570007,218.110001,0,,,,,,
486,um,218.139999,218.630005,0,1,,,,,
487,the,219.179993,219.240005,0,,,,,,
488,guy,219.240005,219.389999,0,,,,,,
489,tells,219.389999,219.639999,0,,,,,,
490,him,219.639999,219.759995,0,,,,,,
491,to,219.759995,220.059998,0,,,,,,
492,like,220.059998,220.729996,0,1,,,,,
493,go,220.729996,221.029999,1,,,,,,
494,uh,221.729996,222.149994,0,1,,,,,
495,somewhere,222.25,223.059998,0,,,,,,
496,soon,223.619995,223.940002,0,,,,,,
497,or,223.940002,224.089996,0,,,,,,
498,before,224.089996,224.800003,0,,,,,,
499,there's,225.149994,225.350006,0,,,,,,
500,a,225.350006,225.440002,0,,,,,,
501,scene,225.559998,225.729996,0,,,,,,
502,with,225.729996,225.929993,0,,,,,,
503,the,225.929993,226.360001,0,,,,,,
504,woman,226.960007,227.229996,0,,,,,,
505,that,227.229996,227.339996,0,,,,,,
506,we,227.339996,227.5,0,,,,,,
507,saw,227.5,227.800003,0,,,,,,
508,in,227.800003,227.899994,0,,,,,,
509,the,227.899994,228,0,,,,,,
510,window,228,228.550003,0,,,,,,
511,earlier,228.580002,229.149994,1,,,,,,
512,um,229.570007,230.160004,0,1,,,,,
513,turns,230.600006,230.809998,0,,,,,,
514,out,230.809998,231,0,,,,,,
515,she's,231,231.429993,0,,,,,,
516,some,232.100006,232.380005,0,,,,,,
517,kind,232.380005,232.639999,0,,,,,,
518,of,232.639999,232.830002,0,,,,,,
519,daughter,232.830002,233.259995,0,,,,,,
520,of,233.259995,233.399994,0,,,,,,
521,the,233.399994,233.479996,0,,,,,,
522,king,233.479996,233.949997,1,,,,,,
523,and,234.419998,234.929993,0,,,,,,
524,uh,234.929993,235.539993,0,1,,,,,
525,so,239.110001,239.210007,0,,,,,,
526,the,239.210007,239.339996,0,,,,,,
527,king,239.339996,239.660004,0,,,,,,
528,is,239.660004,240.240005,0,,,,,,
529,um,240.300003,240.770004,0,1,,,,,
530,just,241.970001,242.149994,0,,,,,,
531,annoyed,242.149994,242.520004,0,,,,,,
532,at,242.520004,242.570007,0,,,,,,
533,all,242.880005,243.029999,0,,,,,,
534,this,243.029999,243.259995,0,,,,,,
535,magic,243.259995,243.600006,0,,,,,,
536,stuff,243.600006,244.039993,1,,,,,,
537,and,244.309998,244.419998,0,,,,,,
538,the,244.419998,244.539993,0,,,,,,
539,daughter,244.740005,244.919998,0,,,,,,
540,is,244.919998,245.020004,0,,,,,,
541,annoyed,245.020004,245.320007,0,,,,,,
542,at,245.320007,245.429993,0,,,,,,
543,how,245.429993,245.850006,0,,,,,,
544,brutal,246.320007,246.660004,0,,,,,,
545,the,246.660004,246.759995,0,,,,,,
546,king,246.759995,246.960007,0,,,,,,
547,was,246.990005,247.179993,0,,,,,,
548,with,247.179993,247.309998,0,,,,,,
549,everything,247.309998,247.770004,0,,,,,,
550,and,247.770004,248.089996,0,,,,,,
551,doesn't,248.089996,248.470001,2,,,,,,
552,um,248.649994,249.039993,0,1,,,,,
553,tells,249.039993,249.320007,0,,"sounds like a different word, unsure",,,,
554,himself,249.320007,250,1,,,,,,
555,and,250.259995,250.369995,0,,,,,,
556,then,250.369995,250.729996,0,,,,,,
557,he,251.130005,251.570007,0,,,,,,
558,orders,251.570007,251.940002,0,,,,,,
559,her,251.940002,252.119995,0,,,,,,
560,to,252.119995,252.309998,0,,,,,,
561,see,252.539993,253.020004,0,,,,,,
562,uh,253.020004,253.509995,0,1,,,,,
563,some,253.960007,254.110001,0,,,,,,
564,sort,254.110001,254.410004,0,,,,,,
565,of,254.410004,254.449997,0,,,,,,
566,singer,254.600006,255.059998,0,,,,,,
567,or,255.059998,255.119995,0,,,,,,
568,something,255.119995,255.550003,1,,,,,,
569,and,255.550003,255.720001,0,,,,,,
570,she,256.25,256.440002,0,,,,,,
571,at,256.529999,256.609985,0,,,,,,
572,first,256.609985,256.809998,0,,,,,,
573,refuses,256.809998,257.339996,1,,,,,,
574,but,257.339996,257.440002,0,,,,,,
575,then,257.440002,257.660004,0,,,,,,
576,he,257.660004,257.799988,0,,,,,,
577,gets,257.799988,258.019989,0,,,,,,
578,angry,258.200012,258.779999,0,,,,,,
579,so,259.200012,259.76001,0,,,,,,
580,she,260.019989,260.190002,0,,,,,,
581,does,260.190002,260.399994,0,,,,,,
582,it,260.399994,260.559998,1,,,,,,
583,um,261.869995,262.25,0,1,,,,,
584,then,263.279999,263.619995,0,,not sure if there's a 'then',,,,
585,we,263.619995,263.899994,0,,,,,,
586,see,263.899994,264.049988,0,,,,,,
587,the,264.149994,264.660004,0,,,,,,
588,court,264.690002,264.910004,0,,,,,,
589,physician,264.910004,265.329987,0,,,,,,
590,reading,265.329987,265.73999,0,,,,,,
591,the,265.73999,265.859985,0,,,,,,
592,letter,265.859985,266.220001,0,,,,,,
593,that,266.220001,266.320007,0,,,,,,
594,he,266.320007,266.519989,0,,,,,,
595,got,266.519989,266.910004,1,,,,,,
596,and,266.910004,267.230011,0,,,,,,
597,uh,268.119995,268.809998,0,1,,,,,
598,so,268.890015,269.230011,0,,,,,,
599,what,269.269989,269.399994,0,,,,,,
600,happened,269.399994,269.700012,0,,,,,,
601,was,269.700012,270.01001,0,,,,,,
602,merlin's,270.01001,271.029999,0,,,,,,
603,mother,271.399994,271.829987,0,,,,,,
604,sent,271.829987,272.119995,0,,,,,,
605,him,272.119995,272.380005,0,,,,,,
606,there,272.420013,272.76001,0,,,,,,
607,so,273.230011,273.350006,0,,,,,,
608,that,273.350006,273.470001,0,,,,,,
609,he,273.470001,273.619995,0,,,,,,
610,could,273.619995,273.790009,0,,,,,,
611,get,273.790009,274.040009,0,,,,,,
612,some,274.040009,274.279999,0,,,,,,
613,protection,274.279999,274.869995,0,,,,,,
614,or,274.869995,275.100006,0,,,,,,
615,kind,275.100006,275.329987,0,2,,,,,
616,of,275.329987,275.790009,0,2,,,,,
617,training,275.910004,276.399994,0,,,,,,
618,or,276.399994,276.470001,0,,,,,,
619,guidance,276.470001,277,0,,,,,,
620,guidance,277.109985,277.679993,0,,repetition. There was also a long pause here probably due to noise,,,,
621,while,280.880005,282.480011,0,,,,,,
622,he,282.480011,283.079987,2,,,,,,
623,um,283.109985,283.48999,0,1,,,,,
624,because,283.899994,284.179993,0,,,,,,
625,of,284.179993,284.320007,0,,,,,,
626,his,284.320007,285.040009,0,,,,,,
627,magic,285.290009,285.679993,0,,,,,,
628,powers,285.679993,286.059998,0,,,,,,
629,or,286.059998,286.140015,0,,,,,,
630,gifts,286.140015,286.5,0,,,,,,
631,as,286.5,286.619995,0,,,,,,
632,she,286.619995,286.730011,0,,,,,,
633,calls,286.730011,287.809998,0,,,,,,
634,them,287.869995,288.140015,1,,,,,,
635,um,288.140015,288.329987,0,1,,,,,
636,so,288.700012,288.920013,0,2,,,,,
637,then,288.920013,289.100006,0,,,,,,
638,the,289.100006,289.179993,0,,,,,,
639,next,289.179993,289.5,0,,,,,,
640,morning,289.5,290.070007,2,,,,,,
641,uh,290.549988,291.040009,0,1,,,,,
642,so,292.170013,292.73999,0,,,,,,
643,he,292.73999,293.049988,2,,,,,,
644,yeah,293.049988,293.200012,0,1,,,,,
645,so,294.089996,294.190002,0,2,,,,,
646,merlin,294.190002,294.609985,0,,,,,,
647,goes,295.220001,295.589996,2,,,,,,
648,like,295.589996,295.929993,0,1,,,,,
649,eats,295.929993,296.079987,0,,,,,,
650,breakfast,296.079987,296.619995,1,,,,,,
651,um,296.799988,297.279999,0,1,,,,,
652,uh,299.23999,299.549988,0,1,,,,,
653,the,299.549988,299.670013,0,,,,,,
654,guy,299.670013,300.170013,0,,,,,,
655,kind,300.269989,300.459991,0,2,,,,,
656,of,300.459991,300.51001,0,2,,,,,
657,like,300.51001,300.98999,0,1,,,,,
658,on,300.98999,301.019989,0,,,,,,
659,purpose,301.019989,301.299988,0,,,,,,
660,knocks,301.299988,301.450012,0,,,,,,
661,over,301.589996,302.079987,0,,,,,,
662,a,302.440002,302.709991,0,,,,,,
663,pail,302.709991,303.160004,0,,,,,,
664,of,303.160004,303.25,0,,,,,,
665,water,303.25,303.609985,0,,,,,,
666,and,303.609985,303.980011,0,,,,,,
667,sees,303.980011,304.51001,0,,,,,,
668,merlin,304.51001,304.829987,0,,,,,,
669,again,304.829987,305.220001,0,,,,,,
670,like,305.579987,305.959991,0,1,,,,,
671,just,305.959991,306.019989,0,,,,,,
672,instinctively,306.019989,306.940002,0,,,,,,
673,like,307.809998,307.940002,0,1,,,,,
674,stop,307.940002,308.059998,0,,,,,,
675,it,308.059998,308.089996,0,,,,,,
676,from,308.279999,308.579987,0,,,,,,
677,falling,308.579987,309.049988,0,,,,,,
678,um,309.399994,309.720001,0,1,,,,,
679,with,310.130005,310.399994,0,,,,,,
680,magic,310.399994,310.910004,1,,,,,,
681,and,311.380005,311.869995,0,,,,,,
682,uh,311.869995,311.98999,0,1,,,,,
683,again,312.170013,312.529999,0,,,,,,
684,he,312.579987,312.670013,0,,,,,,
685,questions,312.670013,313.070007,0,,,,,,
686,him,313.070007,313.329987,0,,,,,,
687,like,313.359985,314.079987,0,1,,,,,
688,that's,314.079987,315.01001,2,,,,,,
689,like,315.01001,315.220001,0,1,,,,,
690,asking,315.220001,315.5,0,,,,,,
691,him,315.5,315.619995,0,,,,,,
692,where,315.619995,315.820007,0,,,,,,
693,he,315.820007,315.980011,0,,,,,,
694,learned,315.980011,316.23999,0,,,,,,
695,this,316.23999,316.390015,0,,,,,,
696,stuff,316.390015,316.720001,0,,,,,,
697,um,316.76001,317.149994,0,1,,,,,
698,how,317.970001,318.269989,0,,,,,,
699,he,318.269989,318.369995,0,,,,,,
700,came,318.369995,318.619995,0,,,,,,
701,to,318.899994,319.029999,0,,,,,,
702,have,319.029999,319.369995,0,,,,,,
703,uh,319.399994,320.040009,0,1,,,,,
704,supernatural,320.160004,320.640015,0,,,,,,
705,powers,320.640015,320.98999,1,,,,,,
706,and,322.709991,322.790009,0,,,,,,
707,then,322.790009,322.910004,0,,,,,,
708,he,322.910004,323,0,,,,,,
709,sends,323,323.200012,0,,,,,,
710,him,323.200012,323.299988,0,,,,,,
711,off,323.299988,323.559998,0,,,,,,
712,on,323.559998,323.779999,0,,,,,,
713,errands,323.779999,324.209991,1,,,,,,
714,he,324.309998,324.399994,0,,,,,,
715,tells,324.399994,324.709991,0,,,,,,
716,him,324.709991,324.790009,0,,,,,,
717,to,324.790009,324.910004,0,,,,,,
718,deliver,324.910004,325.339996,0,,,,,,
719,like,325.339996,325.809998,0,1,,,,,
720,these,325.809998,326.079987,0,,,,,,
721,two,326.079987,326.23999,0,,,,,,
722,things,326.23999,326.450012,0,,,,,,
723,of,326.450012,326.529999,0,,,,,,
724,medicines,326.529999,327.01001,0,,,,,,
725,to,327.01001,327.140015,0,,,,,,
726,these,327.140015,327.359985,0,,,,,,
727,two,327.359985,327.690002,0,,,,,,
728,different,327.690002,327.980011,0,,,,,,
729,people,327.980011,328.450012,1,,,,,,
730,um,328.480011,328.869995,0,1,,,,,
731,so,329.579987,329.940002,0,,,,,,
732,merlin,330,330.269989,0,,,,,,
733,does,330.269989,330.679993,0,,,,,,
734,that,330.679993,330.709991,1,,,,,,
735,and,330.709991,330.779999,0,,,,,,
736,the,330.779999,330.859985,0,,,,,,
737,first,330.859985,331.209991,0,,,,,,
738,guy,331.209991,331.450012,0,,,,,,
739,who's,331.450012,331.76001,0,,,,,,
740,like,331.76001,332.059998,0,1,,,,,
741,pretty,332.059998,332.26001,0,,,,,,
742,blind,332.26001,332.790009,0,,,,,,
743,just,332.790009,332.899994,0,,,,,,
744,chugs,332.899994,333.670013,0,,,,,,
745,it,333.670013,333.75,0,,,,,,
746,all,333.75,333.98999,0,,,,,,
747,at,333.98999,334.019989,0,,,,,,
748,once,334.019989,334.459991,0,,,,,,
749,even,334.459991,334.640015,0,,,,,,
750,though,334.640015,334.869995,0,,,,,,
751,he,334.869995,335.019989,0,,,,,,
752,wasn't,335.019989,335.320007,0,,,,,,
753,supposed,335.320007,335.679993,0,,,,,,
754,to,335.679993,336.01001,1,,,,,,
755,um,336.549988,336.98999,0,1,,,,,
756,then,338.429993,338.589996,0,,,,,,
757,his,338.589996,338.76001,2,,,,,,
758,on,338.76001,339,0,,,,,,
759,his,339,339.109985,0,,,,,,
760,way,339.109985,339.26001,0,,,,,,
761,to,339.26001,339.359985,0,,,,,,
762,deliver,339.359985,339.690002,0,,,,,,
763,the,339.690002,339.769989,0,,,,,,
764,second,339.769989,340.100006,0,,,,,,
765,one,340.100006,340.269989,0,,,,,,
766,he,341.070007,341.820007,0,,,,,,
767,sees,342.209991,342.359985,0,,,,,,
768,this,342.359985,342.570007,0,,,,,,
769,uh,343.309998,343.470001,0,1,,,,,
770,blonde,343.640015,343.959991,0,,,,,,
771,guy,343.959991,344.269989,0,,,,,,
772,kind,344.269989,344.470001,0,2,,,,,
773,of,344.470001,344.609985,0,2,,,,,
774,in,344.609985,344.690002,0,,,,,,
775,a,345.160004,345.450012,0,,,,,,
776,suit,345.720001,346.070007,4,,,,,,
777,um,346.51001,347.040009,0,1,,,,,
778,and,347.970001,348.179993,0,,,,,,
779,this,348.179993,348.450012,0,,,,,,
780,other,348.450012,348.859985,0,,,,,,
781,like,348.859985,349.320007,0,,,,,,
782,smaller,349.320007,349.799988,2,,,,,,
783,i,349.799988,349.929993,0,,,,,,
784,mean,349.929993,350.109985,0,,,,,,
785,i,350.109985,350.200012,0,,,,,,
786,guess,350.200012,350.369995,0,,,,,,
787,we're,350.369995,350.540009,0,,,,,,
788,supposed,350.540009,350.790009,0,,,,,,
789,to,350.790009,350.869995,0,,,,,,
790,assume,350.869995,351.070007,0,,,,,,
791,he's,351.070007,351.209991,0,,,,,,
792,like,351.209991,351.329987,0,1,,,,,
793,some,351.329987,351.470001,0,,,,,,
794,kind,351.470001,351.630005,0,,,,,,
795,of,351.630005,351.73999,0,,,,,,
796,peasant,351.73999,352.149994,0,,,,,,
797,kid,352.149994,352.399994,1,,,,,,
798,um,352.929993,353.23999,0,1,,,,,
799,the,353.23999,353.380005,0,,,,,,
800,blond,353.380005,353.619995,0,,,,,,
801,guy's,353.619995,353.779999,0,,,,,,
802,like,353.779999,353.929993,0,1,,,,,
803,surrounded,353.929993,354.299988,0,,,,,,
804,by,354.299988,354.470001,0,,,,,,
805,a,354.470001,354.519989,0,,,,,,
806,bunch,354.519989,354.799988,0,,,,,,
807,of,354.799988,355,0,,,,,,
808,his,355,355.339996,0,,,,,,
809,posse,355.339996,356.190002,1,,,,,,
810,???,356.2,359.39,0,,noise,,,,
811,the,359.399994,360.179993,0,,,,,,
812,other,360.179993,360.519989,0,,,,,,
813,kid,360.519989,360.679993,0,,,,,,
814,is,360.679993,360.75,0,,,,,,
815,alone,360.75,361.279999,1,,,,,,
816,and,361.279999,361.589996,0,,,,,,
817,um,361.630005,362.140015,0,1,,,,,
818,the,363.440002,363.649994,0,,,,,,
819,other,363.649994,363.730011,0,,,,,,
820,kid,363.839996,364.040009,0,,,,,,
821,has,364.040009,364.23999,0,,,,,,
822,this,364.23999,364.5,0,,,,,,
823,massive,365.279999,365.76001,0,,,,,,
824,target,365.76001,366.459991,4,,,,,,
825,like,367.119995,367.309998,0,1,,,,,
826,this,367.309998,367.5,0,,,,,,
827,big,367.679993,367.850006,0,,,,,,
828,wooden,367.850006,368.140015,0,,,,,,
829,thing,368.140015,368.390015,1,,,,,,
830,and,368.970001,369.109985,0,,,,,,
831,the,369.109985,369.230011,0,,,,,,
832,blond,369.230011,369.540009,0,,,,,,
833,guy,369.540009,369.790009,0,,,,,,
834,is,369.790009,369.940002,0,,,,,,
835,like,369.940002,370.070007,0,1,,,,,
836,aggressively,370.070007,370.709991,0,,,,,,
837,throwing,370.709991,371.290009,0,,,,,,
838,weapons,371.75,372.190002,0,,,,,,
839,at,372.190002,372.470001,0,,,,,,
840,him,372.470001,372.690002,0,,,,,,
841,and,372.809998,373.160004,0,,,,,,
842,um,373.190002,373.609985,0,1,,,,,
843,calling,374.049988,374.320007,0,,,,,,
844,it,374.320007,374.399994,0,,,,,,
845,target,374.399994,374.76001,0,,,,,,
846,practice,374.76001,375.149994,0,,,,,,
847,and,375.149994,375.209991,0,,,,,,
848,just,375.209991,375.359985,0,,,,,,
849,generally,375.359985,375.920013,0,,,,,,
850,being,376.26001,376.51001,0,,,,,,
851,aggressive,376.880005,377.220001,0,,,,,,
852,about,377.220001,377.570007,0,,,,,,
853,that,377.570007,377.720001,0,,,,,,
854,all,377.720001,377.899994,1,,,,,,
855,and,377.899994,378.01001,0,,,,,,
856,then,378.01001,378.26001,0,,,,,,
857,so,378.26001,378.640015,0,2,,,,,
858,the,379.149994,379.559998,0,,,,,,
859,small,379.589996,379.790009,0,,,,,,
860,guy,379.790009,380.089996,0,,,,,,
861,eventually,380.160004,380.399994,0,,,,,,
862,falls,380.399994,380.790009,0,,,,,,
863,down,380.790009,381.140015,0,,,,,,
864,because,381.140015,381.350006,0,,,,,,
865,he,381.350006,381.470001,0,,,,,,
866,gets,381.470001,381.920013,0,,,,,,
867,exhausted,381.920013,382.570007,1,,,,,,
868,um,382.980011,383.380005,0,1,,,,,
869,and,383.519989,383.950012,0,,,,,,
870,merlin,384.279999,384.48999,0,,,,,,
871,is,384.48999,384.619995,0,,,,,,
872,there,384.619995,384.799988,1,,,,,,
873,and,384.890015,385.339996,0,,,,,,
874,uh,387.130005,387.359985,0,1,,,,,
875,he,387.799988,387.929993,0,,,,,,
876,tells,387.929993,388.23999,2,,,,,,
877,at,388.410004,388.440002,0,,,,,,
878,first,388.440002,388.630005,0,,,,,,
879,he's,388.630005,388.790009,0,,,,,,
880,nice,388.790009,388.980011,0,,,,,,
881,about,388.980011,389.179993,0,,,,,,
882,it,389.179993,389.209991,0,,,,,,
883,and,389.209991,389.299988,0,,,,,,
884,tells,389.299988,389.679993,0,,,,,,
885,the,389.679993,390.369995,0,,,,,,
886,blond,390.480011,390.730011,0,,,,,,
887,guy,390.730011,390.970001,0,,,,,,
888,and,390.970001,391.029999,0,,,,,,
889,his,391.029999,391.290009,0,,,,,,
890,crew,391.290009,391.679993,1,,,,,,
891,like,391.679993,392.029999,0,1,,,,,
892,okay,392.029999,392.269989,1,,start quote,,,,
893,that's,392.269989,392.470001,0,,,,,,
894,enough,392.470001,393.200012,1,,end quote,,,,
895,so,393.230011,393.309998,0,,,,,,
896,then,393.309998,393.679993,0,,,,,,
897,um,393.75,394.26001,0,1,,,,,
898,the,394.26001,394.369995,0,,,,,,
899,blond,394.369995,394.619995,0,,,,,,
900,guy,394.619995,394.890015,0,,,,,,
901,eh,394.890015,395.079987,0,1,,,,,
902,doesn't,395.559998,396.079987,0,,,,,,
903,want,396.079987,396.200012,0,,,,,,
904,to,396.200012,396.329987,0,,,,,,
905,hear,396.329987,396.529999,0,,,,,,
906,that,396.529999,396.820007,1,,,,,,
907,and,396.820007,397.149994,0,,,,,,
908,um,397.670013,398.109985,0,1,,,,,
909,they,398.390015,398.519989,0,,,,,,
910,get,398.519989,398.76001,0,,,,,,
911,into,398.76001,399.049988,0,,,,,,
912,like,399.049988,399.380005,0,1,,,,,
913,some,399.380005,400.170013,0,,,,,,
914,something,400.170013,400.73999,0,,correction,,,,
915,of,400.73999,400.769989,0,,,,,,
916,a,400.769989,401.329987,0,,,,,,
917,verbal,401.329987,401.799988,0,,,,,,
918,argument,401.799988,402.359985,1,,,,,,
919,um,402.420013,402.839996,0,1,,,,,
920,merlin,404.279999,404.600006,0,,,,,,
921,calls,404.600006,404.899994,0,,,,,,
922,him,404.899994,405.029999,0,,,,,,
923,my,405.029999,405.209991,0,,,,,,
924,friend,405.209991,405.679993,1,,,,,,
925,he,405.679993,406.019989,0,,,,,,
926,responds,406.019989,406.559998,0,,,,,,
927,with,406.559998,407.320007,1,,,,,,
928,no,407.320007,407.959991,1,,start & end quote,,,,
929,um,408.410004,408.899994,0,1,,,,,
930,and,408.899994,408.929993,0,,,,,,
931,it,410.410004,410.619995,0,,,,,,
932,ends,410.799988,410.940002,0,,,,,,
933,with,410.940002,411.730011,0,,,,,,
934,merlin,411.730011,412.070007,0,,,,,,
935,trying,412.070007,412.359985,0,,,,,,
936,to,412.359985,412.470001,0,,,,,,
937,punch,412.470001,413.190002,0,,,,,,
938,the,413.190002,413.350006,0,,,,,,
939,guy,413.350006,413.630005,0,,,,,,
940,who,413.630005,414.01001,0,,,,,,
941,we,414.01001,414.149994,0,,,,,,
942,um,414.339996,414.809998,0,1,,,,,
943,now,415.070007,415.359985,0,,,,,,
944,know,415.359985,415.519989,0,,,,,,
945,his,415.519989,415.640015,0,,,,,,
946,name,415.640015,415.76001,0,,,,,,
947,is,415.76001,415.899994,0,,,,,,
948,arthur,415.899994,416.299988,1,,,,,,
949,he's,416.299988,416.459991,0,,,,,,
950,the,416.459991,416.529999,0,,,,,,
951,king's,416.529999,417.029999,0,,,,,,
952,son,417.029999,417.350006,1,,,,,,
953,and,417.869995,418.459991,0,,,,,,
954,uh,418.459991,418.920013,0,1,,,,,
955,he,419.160004,419.600006,0,,,,,,
956,easily,419.600006,419.829987,0,,,,,,
957,disarms,419.829987,420.220001,0,,,,,,
958,merlin,420.220001,420.600006,1,,,,,,
959,and,420.600006,420.690002,0,,,,,,
960,then,420.690002,420.98999,0,,,,,,
961,the,421.380005,421.450012,0,,,,,,
962,guards,421.450012,421.809998,0,,,,,,
963,take,421.940002,422.100006,0,,,,,,
964,merlin,422.100006,422.359985,0,,,,,,
965,away,422.359985,422.73999,1,,,,,,
966,and,422.73999,422.890015,0,,,,,,
967,the,422.890015,422.950012,0,,,,,,
968,next,422.950012,423.220001,0,,,,,,
969,scene,423.220001,423.380005,0,,,,,,
970,we,423.380005,423.529999,0,,,,,,
971,see,423.529999,423.809998,0,,,,,,
972,is,423.809998,424.059998,0,,,,,,
973,him,424.059998,424.940002,0,,,,,,
974,waking,424.970001,425.359985,0,,,,,,
975,up,425.359985,425.649994,0,,,,,,
976,in,425.649994,425.859985,0,,,,,,
977,a,425.859985,426.019989,0,,,,,,
978,cell,426.019989,426.420013,1,,,,,,
979,um,428.329987,428.75,0,1,,,,,
980,so,429.290009,429.929993,0,,,,,,
981,in,430.549988,430.640015,0,,,,,,
982,the,430.640015,431.089996,0,,,,,,
983,cell,431.089996,431.649994,2,,,,,,
984,um,431.679993,432.100006,0,1,,,,,
985,i,433.079987,433.130005,0,,,,,,
986,guess,433.130005,433.320007,0,,,,,,
987,the,433.320007,433.399994,0,,,,,,
988,most,433.399994,433.640015,0,,,,,,
989,notable,433.640015,433.98999,0,,,,,,
990,thing,433.98999,434.230011,0,,,,,,
991,is,434.230011,434.390015,0,,,,,,
992,when,434.390015,434.540009,0,,,,,,
993,he,434.540009,434.649994,0,,,,,,
994,wakes,434.649994,434.959991,0,,,,,,
995,up,434.959991,435.059998,0,,,,,,
996,he,435.059998,435.179993,0,,,,,,
997,hears,435.179993,435.640015,0,,,,,,
998,this,435.640015,436.279999,0,,,,,,
999,like,436.709991,437.059998,0,1,,,,,
1000,eerie,437.470001,437.820007,0,,,,,,
1001,voice,437.820007,438.200012,0,,,,,,
1002,just,438.200012,438.329987,0,,,,,,
1003,saying,438.329987,438.51001,1,,,,,,
1004,merlin,438.600006,438.98999,1,,start quote,,,,
1005,merlin,438.98999,439.309998,1,,end quote,,,,
1006,over,439.309998,439.5,0,,,,,,
1007,and,439.5,439.529999,0,,,,,,
1008,over,439.529999,439.809998,0,,,,,,
1009,again,439.809998,440.040009,1,,,,,,
1010,um,440.440002,440.850006,0,1,,,,,
1011,and,441.470001,441.700012,0,,,,,,
1012,he,441.700012,442.049988,2,,,,,,
1013,it,442.049988,442.26001,0,,,,,,
1014,seems,442.26001,442.700012,0,,,,,,
1015,to,442.700012,442.76001,0,,,,,,
1016,be,442.76001,442.850006,0,,,,,,
1017,coming,442.850006,443.100006,0,,,,,,
1018,from,443.100006,443.190002,0,,,,,,
1019,the,443.190002,443.290009,0,,,,,,
1020,ground,443.290009,443.790009,0,,,,,,
1021,or,443.790009,444.079987,0,,,,,,
1022,somewhere,444.320007,444.559998,0,,,,,,
1023,under,444.559998,444.809998,0,,,,,,
1024,him,444.809998,444.959991,1,,,,,,
1025,um,446.839996,447.200012,0,1,,,,,
1026,but,447.649994,447.76001,0,,,,,,
1027,then,447.910004,448.290009,0,,,,,,
1028,the,448.76001,449.359985,2,,,,,,
1029,um,449.359985,449.630005,0,1,,,,,
1030,his,449.630005,449.799988,0,,,,,,
1031,caretaker,450.079987,450.730011,0,,,,,,
1032,the,450.730011,451.130005,0,,,,,,
1033,court,451.549988,451.769989,0,,,,,,
1034,physician,451.769989,452.320007,0,,,,,,
1035,comes,452.76001,453.109985,0,,,,,,
1036,back,453.109985,453.320007,0,,,,,,
1037,in,453.320007,453.519989,1,,,,,,
1038,tells,453.519989,453.890015,0,,,,,,
1039,merlin,453.890015,454.220001,0,,,,,,
1040,he,454.220001,454.329987,0,,,,,,
1041,pulled,454.329987,454.600006,0,,,,,,
1042,a,454.600006,454.649994,0,,,,,,
1043,couple,454.649994,454.920013,0,,,,,,
1044,strings,454.920013,455.5,0,,,,,,
1045,uh,455.980011,456.269989,0,1,,,,,
1046,and,456.269989,456.299988,0,,,,,,
1047,that,456.299988,456.470001,0,,,,,,
1048,he,456.470001,456.660004,0,,,,,,
1049,can,456.660004,456.769989,0,,,,,,
1050,go,456.769989,456.970001,1,,,,,,
1051,so,456.970001,459.470001,0,,,,,,
1052,that,459.910004,460.209991,0,,,,,,
1053,happens,460.209991,460.690002,0,,,,,,
1054,um,460.820007,461.079987,0,1,,,,,
1055,with,461.079987,461.26001,0,,,,,,
1056,the,461.26001,461.350006,0,,,,,,
1057,one,461.350006,461.529999,0,,,,,,
1058,exception,461.529999,462.149994,0,,,,,,
1059,that,462.720001,462.970001,0,,,,,,
1060,he,462.970001,463.119995,0,,,,,,
1061,has,463.119995,463.339996,0,,,,,,
1062,to,463.339996,463.480011,0,,,,,,
1063,like,463.480011,463.73999,0,1,,,,,
1064,do,463.73999,463.829987,0,,,,,,
1065,one,463.829987,463.929993,0,,,,,,
1066,of,463.929993,463.940002,0,,,,,,
1067,those,463.940002,464.179993,0,,,,,,
1068,medieval,464.179993,464.649994,0,,,,,,
1069,things,464.649994,464.929993,0,,,,,,
1070,where,464.929993,464.98999,0,,,,,,
1071,he,464.98999,465.059998,0,,,,,,
1072,sticks,465.059998,465.399994,0,,,,,,
1073,his,465.399994,465.609985,0,,,,,,
1074,arms,466.089996,466.470001,0,,,,,,
1075,and,466.470001,466.559998,0,,,,,,
1076,head,466.559998,466.890015,0,,,,,,
1077,through,466.890015,467.26001,0,,,,,,
1078,like,467.26001,467.730011,0,1,,,,,
1079,this,467.730011,468.23999,0,,,,,,
1080,holes,468.23999,468.619995,0,,,,,,
1081,in,468.619995,468.720001,0,,,,,,
1082,a,468.720001,468.970001,0,,,,,,
1083,um,468.970001,469.359985,0,1,,,,,
1084,panel,469.959991,470.329987,0,,,,,,
1085,more,470.880005,470.980011,0,,,,,,
1086,or,470.980011,471.01001,0,,,,,,
1087,less,471.01001,471.630005,1,,,,,,
1088,and,471.630005,471.790009,0,,,,,,
1089,kids,471.790009,472.079987,0,,,,,,
1090,are,472.079987,472.130005,0,,,,,,
1091,like,472.130005,472.309998,0,1,,,,,
1092,throwing,472.309998,472.75,0,,,,,,
1093,fruits,472.75,473.299988,0,,,,,,
1094,and,473.299988,473.410004,0,,,,,,
1095,vegetables,473.410004,473.959991,0,,,,,,
1096,at,473.959991,474.100006,0,,,,,,
1097,him,474.100006,474.26001,1,,,,,,
1098,uh,474.720001,475.140015,0,1,,,,,
1099,it's,475.170013,475.26001,0,,,,,,
1100,all,475.26001,475.459991,0,,,,,,
1101,in,475.459991,475.529999,0,,,,,,
1102,good,475.529999,475.690002,0,,,,,,
1103,fun,475.690002,475.880005,0,,,,,,
1104,though,475.880005,476.01001,1,,,,,,
1105,he's,476.01001,476.140015,0,,,,,,
1106,laughing,476.140015,476.619995,1,,,,,,
1107,and,477.040009,477.130005,0,,,,,,
1108,then,477.130005,477.359985,0,,,,,,
1109,this,477.359985,478.390015,2,,,,,,
1110,uh,478.390015,478.690002,0,1,,,,,
1111,a,478.720001,478.820007,0,,,,,,
1112,different,478.820007,479.119995,0,,,,,,
1113,woman,479.119995,479.429993,0,,,,,,
1114,comes,479.429993,479.73999,0,,,,,,
1115,by,479.73999,480.170013,1,,,,,,
1116,and,480.660004,481.190002,0,,,,,,
1117,she,481.190002,481.429993,0,,,,,,
1118,was,481.429993,481.640015,0,,,,,,
1119,there,481.640015,482.179993,0,,,,,,
1120,when,482.179993,482.540009,0,,,,,,
1121,he,482.890015,483,0,,,,,,
1122,defended,483,483.519989,0,,,,,,
1123,the,483.519989,483.839996,2,,,,,,
1124,um,483.869995,484.279999,0,1,,,,,
1125,???,484.29,484.33,0,1,,,,,
1126,like,484.339996,484.540009,0,,noise,,,,
1127,the,487.690002,488.440002,0,,,,,,
1128,kid,488.839996,489.160004,1,,,,,,
1129,and,489.160004,489.320007,0,,,,,,
1130,then,489.320007,489.600006,0,,,,,,
1131,um,489.630005,490.040009,0,1,,,,,
1132,she,490.040009,490.200012,0,,,,,,
1133,says,490.200012,490.549988,2,,,,,,
1134,she's,490.579987,490.709991,0,,,,,,
1135,kind,490.709991,490.850006,0,2,,,,,
1136,of,490.850006,490.950012,0,2,,,,,
1137,joking,490.950012,491.200012,0,,,,,,
1138,around,491.200012,491.450012,0,,,,,,
1139,with,491.450012,491.570007,0,,,,,,
1140,him,491.570007,491.700012,0,,,,,,
1141,just,491.700012,491.829987,0,,,,,,
1142,saying,491.829987,492.119995,0,,,,,,
1143,like,492.679993,492.970001,1,1,,,,,
1144,oh,494.309998,494.470001,0,1,start quote,,,,
1145,that,494.470001,494.589996,0,,,,,,
1146,was,494.589996,494.730011,0,,,,,,
1147,really,494.730011,494.880005,0,,,,,,
1148,brave,494.880005,495.290009,1,,end quote,,,,
1149,and,495.290009,495.420013,0,,,,,,
1150,she,495.420013,495.480011,0,,,,,,
1151,said,495.480011,495.690002,1,,,,,,
1152,but,495.690002,495.809998,0,,start quote,,,,
1153,it,495.809998,495.839996,0,,,,,,
1154,was,495.839996,495.970001,0,,,,,,
1155,like,495.970001,496.140015,0,1,,,,,
1156,a,496.140015,496.190002,0,,,,,,
1157,good,496.190002,496.339996,0,,,,,,
1158,thing,496.339996,496.519989,0,,,,,,
1159,you,496.519989,496.609985,0,,,,,,
1160,didn't,496.609985,496.709991,0,,,,,,
1161,get,496.709991,496.880005,0,,,,,,
1162,into,496.880005,497.01001,0,,,,,,
1163,a,497.01001,497.079987,0,,,,,,
1164,fight,497.079987,497.339996,0,,,,,,
1165,with,497.339996,497.480011,0,,,,,,
1166,arthur,497.480011,497.929993,0,,end quote,,,,
1167,because,497.929993,498.790009,0,,,,,,
1168,like,498.790009,499.01001,0,1,,,,,
1169,he's,499.01001,499.600006,2,,,,,,
1170,kind,499.959991,500.309998,0,2,,,,,
1171,of,500.309998,500.390015,0,2,,,,,
1172,like,500.390015,500.600006,0,1,,,,,
1173,he,500.600006,500.890015,0,,,,,,
1174,couldn't,500.890015,501.200012,0,,,,,,
1175,beat,501.200012,501.480011,0,,,,,,
1176,up,501.519989,501.73999,0,,,,,,
1177,arthur,501.73999,502.130005,0,,,,,,
1178,more,502.130005,502.359985,0,,,,,,
1179,or,502.359985,502.390015,0,,,,,,
1180,less,502.390015,502.619995,0,,,,,,
1181,is,502.619995,502.73999,0,,,,,,
1182,what,502.899994,502.980011,0,,,,,,
1183,her,502.980011,503.25,0,,,,,,
1184,idea,503.25,503.630005,0,,,,,,
1185,is,503.630005,503.690002,1,,,,,,
1186,and,504.160004,504.549988,0,,,,,,
1187,um,504.630005,504.899994,0,1,,,,,
1188,he,505.299988,505.380005,0,,,,,,
1189,laughs,505.380005,505.700012,0,,,,,,
1190,it,505.700012,505.790009,0,,,,,,
1191,off,505.920013,506.100006,1,,,,,,
1192,and,506.450012,506.890015,0,,,,,,
1193,that's,506.890015,508.470001,0,,,,,,
1194,it,508.470001,508.5,1,,,,,,
1195,uh,509.140015,509.459991,0,1,,,,,
1196,some,509.48999,509.670013,0,,,,,,
1197,time,509.799988,509.950012,0,,,,,,
1198,before,509.950012,510.459991,0,,,,,,
1199,or,510.459991,510.48999,0,,,,,,
1200,after,510.690002,511.100006,0,,,,,,
1201,all,511.100006,511.309998,0,,,,,,
1202,that,511.309998,511.679993,0,,,,,,
1203,um,512.309998,512.72998,0,1,,,,,
1204,there's,512.809998,513.030029,0,,,,,,
1205,a,513.369995,513.570007,0,,,,,,
1206,scene,513.690002,513.929993,0,,,,,,
1207,in,513.929993,514.070007,0,,,,,,
1208,the,514.070007,514.210022,0,,,,,,
1209,woods,514.210022,514.77002,1,,,,,,
1210,so,514.77002,514.909973,0,,,,,,
1211,there's,514.909973,515.22998,0,,,,,,
1212,this,515.22998,515.340027,0,,,,,,
1213,tent,515.340027,516.02002,1,,,,,,
1214,and,516.02002,516.299988,0,,,,,,
1215,there's,516.299988,516.539978,0,,,,,,
1216,a,516.539978,516.609985,0,,,,,,
1217,woman,516.609985,516.880005,0,,,,,,
1218,inside,516.880005,517.530029,0,,,,,,
1219,it,517.98999,518.02002,1,,,,,,
1220,and,518.02002,518.419983,0,,,,,,
1221,um,518.450012,519,0,1,,,,,
1222,she,519.659973,519.820007,0,,,,,,
1223,hears,519.820007,520.01001,0,,,,,,
1224,a,520.01001,520.059998,0,,,,,,
1225,noise,520.059998,520.280029,0,,,,,,
1226,outside,520.280029,520.780029,1,,,,,,
1227,and,520.780029,520.960022,0,,,,,,
1228,it,520.960022,521.039978,0,,,,,,
1229,turns,521.039978,521.289978,0,,,,,,
1230,out,521.289978,521.380005,0,,,,,,
1231,to,521.380005,521.460022,0,,,,,,
1232,be,521.460022,521.52002,0,,,,,,
1233,one,521.52002,521.669983,0,,,,,,
1234,of,521.669983,521.780029,0,,,,,,
1235,her,521.780029,521.859985,0,,,,,,
1236,guards,521.859985,522.26001,0,,,,,,
1237,or,522.26001,522.380005,0,,,,,,
1238,something,522.380005,522.820007,1,,,,,,
1239,and,522.820007,522.929993,0,,,,,,
1240,he,522.929993,522.97998,0,,,,,,
1241,comes,522.97998,523.23999,0,,,,,,
1242,in,523.23999,523.469971,1,,,,,,
1243,and,523.469971,523.559998,0,,,,,,
1244,we,523.559998,523.830017,0,,,,,,
1245,learn,524.179993,524.320007,0,,,,,,
1246,that,524.320007,524.429993,0,,,,,,
1247,she's,524.429993,524.619995,0,,,,,,
1248,headed,524.619995,524.940002,0,,,,,,
1249,towards,524.940002,525.679993,0,,,,,,
1250,the,525.679993,525.969971,0,,,,,,
1251,uh,525.969971,526,0,1,,,,,
1252,castle,526,527,1,,,,,,
1253,and,527.840027,527.890015,0,,,,,,
1254,then,527.890015,528.26001,0,,,,,,
1255,um,528.26001,528.650024,0,1,,,,,
1256,uh,530.679993,530.940002,0,1,,,,,
1257,later,531.419983,531.830017,0,,,,,,
1258,he,531.830017,532.02002,0,,,,,,
1259,goes,532.02002,532.349976,0,,,,,,
1260,out,532.48999,532.700012,1,,,,,,
1261,uh,533.059998,533.340027,0,1,,,,,
1262,tries,533.419983,533.830017,2,,,,,,
1263,like,533.830017,534.099976,0,1,,,,,
1264,he,534.099976,534.380005,0,,,,,,
1265,hears,534.380005,534.690002,0,,,,,,
1266,some,534.690002,534.890015,0,,,,,,
1267,noise,534.890015,535.169983,0,,,,,,
1268,out,535.169983,535.299988,0,,,,,,
1269,in,535.299988,535.359985,0,,,,,,
1270,the,535.359985,535.450012,0,,,,,,
1271,woods,535.450012,535.710022,0,,,,,,
1272,so,535.710022,535.840027,0,,,,,,
1273,he,535.840027,535.950012,0,,,,,,
1274,checks,535.950012,536.22998,0,,,,,,
1275,what,536.22998,536.309998,0,,,,,,
1276,it,536.309998,536.429993,0,,,,,,
1277,is,536.429993,536.700012,1,,,,,,
1278,um,537.299988,537.809998,0,1,,,,,
1279,we,538.590027,538.679993,0,,,,,,
1280,don't,538.76001,539.039978,0,,,,,,
1281,see,539.039978,539.150024,0,,,,,,
1282,anything,539.150024,539.549988,0/1,,we disagreed,,,,
1283,but,539.590027,539.780029,0,,,,,,
1284,next,540.219971,540.570007,0,,,,,,
1285,we,540.570007,540.690002,0,,,,,,
1286,hear,540.690002,541.119995,0,,,,,,
1287,a,541.219971,541.25,0,,,,,,
1288,scream,541.25,542.469971,0,,,,,,
1289,from,542.469971,542.77002,2,,,,,,
1290,like,542.77002,543.01001,0,1,,,,,
1291,this,543.48999,543.580017,0,,,,,,
1292,is,543.580017,543.840027,0,,,,,,
1293,uh,544.179993,544.700012,0,1,,,,,
1294,a,544.73999,544.77002,0,,,,,,
1295,scene,544.77002,545.070007,0,,maybe forgot to say 'that' before 'scene',,,,
1296,takes,545.570007,545.76001,0,,,,,,
1297,place,545.76001,545.960022,0,,,,,,
1298,inside,545.960022,546.22998,0,,,,,,
1299,the,546.22998,546.340027,0,,,,,,
1300,tent,546.340027,546.960022,1,,,,,,
1301,and,547.130005,547.26001,0,,,,,,
1302,then,547.26001,547.599976,0,,,,,,
1303,um,547.719971,548.030029,0,1,,,,,
1304,another,548.030029,548.369995,0,,,,,,
1305,figure,548.369995,548.719971,0,,,,,,
1306,approaches,548.719971,549.119995,0,,,,,,
1307,the,549.119995,549.190002,0,,,,,,
1308,tent,549.190002,549.859985,1,,,,,,
1309,and,549.859985,549.919983,0,,,,,,
1310,this,549.919983,550.02002,0,,,,,,
1311,time,550.02002,550.299988,0,,,,,,
1312,it's,550.299988,550.51001,0,,,,,,
1313,like,551.27002,551.419983,0,1,,,,,
1314,this,551.419983,551.590027,0,,,,,,
1315,old,551.73999,552.25,0,,,,,,
1316,kind,552.25,552.409973,0,,,,,,
1317,of,552.409973,552.48999,0,,,,,,
1318,decrepit,552.48999,552.960022,0,,,,,,
1319,lady,552.960022,553.23999,1,,,,,,
1320,probably,554.179993,554.890015,2,,,,,,
1321,um,554.929993,555.179993,0,1,,,,,
1322,she,555.179993,555.289978,0,,,,,,
1323,looks,555.289978,555.51001,0,,,,,,
1324,like,555.51001,555.690002,0,,,,,,
1325,the,555.690002,556.01001,0,,,,,,
1326,woman,556.01001,556.359985,0,,,,,,
1327,who,556.359985,556.72998,2,,,,,,
1328,um,557.179993,557.440002,0,1,,,,,
1329,the,557.440002,557.679993,0,,,,,,
1330,son,558.01001,558.349976,2,,,,,,
1331,or,558.349976,558.450012,0,,,,,,
1332,the,558.450012,558.539978,0,,,,,,
1333,mother,558.539978,559.02002,0,,,,,,
1334,of,559.02002,559.330017,0,,,,,,
1335,the,559.330017,559.809998,0,,,,,,
1336,man,560.349976,560.630005,0,,,,,,
1337,who,560.630005,560.690002,0,,,,,,
1338,was,560.690002,560.849976,0,,,,,,
1339,executed,560.849976,561.630005,1,,,,,,
1340,so,562.039978,562.369995,0,2,,,,,
1341,um,562.400024,562.830017,0,1,,,,,
1342,yeah,564.400024,564.51001,0,1,,,,,
1343,she's,564.679993,564.890015,0,,,,,,
1344,this,565.409973,565.549988,0,,,,,,
1345,witch,565.549988,565.849976,1,,,,,,
1346,she,565.849976,565.969971,0,,,,,,
1347,comes,565.969971,566.309998,0,,,,,,
1348,in,566.309998,566.630005,1,,,,,,
1349,she,567.070007,567.359985,0,,,,,,
1350,has,567.359985,567.669983,0,,,,,,
1351,like,567.669983,567.830017,0,1,,,,,
1352,this,567.830017,568.02002,0,,,,,,
1353,uh,568.530029,568.809998,0,1,,,,,
1354,voodoo,568.880005,569.169983,0,,,,,,
1355,doll,569.169983,569.429993,0,,,,,,
1356,that,569.429993,569.580017,0,,,,,,
1357,she,569.580017,569.880005,0,,,,,,
1358,stabs,569.880005,570.309998,0,,,,,,
1359,a,570.309998,570.349976,0,,,,,,
1360,couple,570.349976,570.76001,0,,,,,,
1361,of,570.76001,570.840027,0,,,,,,
1362,times,570.840027,571.299988,1,,,,,,
1363,and,571.599976,571.710022,0,,,,,,
1364,then,571.710022,572.119995,0,,,,,,
1365,the,572.22998,572.679993,0,,,,,,
1366,uh,572.710022,573.210022,0,1,,,,,
1367,woman,573.280029,573.559998,0,,,,,,
1368,in,573.559998,573.630005,0,,,,,,
1369,the,573.630005,573.73999,0,,,,,,
1370,tent,573.73999,574.179993,0,,,,,,
1371,kind,574.179993,574.419983,0,2,,,,,
1372,of,574.419983,574.530029,0,2,,,,,
1373,falls,574.530029,574.809998,0,,,,,,
1374,over,574.809998,575.179993,0,,,,,,
1375,and,575.609985,575.950012,0,,,,,,
1376,is,575.950012,576.390015,0,,,,,,
1377,silent,576.390015,576.780029,0,,,,,,
1378,and,576.780029,576.869995,0,,,,,,
1379,still,576.869995,577.530029,1,,,,,,
1380,and,578.169983,578.27002,0,,,,,,
1381,then,578.27002,578.599976,0,,,,,,
1382,she,578.599976,578.719971,0,,,,,,
1383,has,578.719971,579,0,,,,,,
1384,this,579,579.289978,0,,,,,,
1385,um,579.409973,579.77002,0,1,,,,,
1386,potion,581.090027,581.580017,0,,,,,,
1387,thing,581.580017,582.01001,0,,,,,,
1388,on,582.01001,582.150024,0,,,,,,
1389,a,582.150024,582.210022,0,,,,,,
1390,necklace,582.210022,582.679993,0,,,,,,
1391,that,582.679993,582.869995,0,,,,,,
1392,she,582.869995,583.039978,0,,,,,,
1393,keeps,583.039978,583.280029,0,,,,,,
1394,rubbing,583.280029,583.75,1,,,,,,
1395,and,584.169983,584.27002,0,,,,,,
1396,then,584.27002,584.559998,0,,,,,,
1397,???,584.57,587.79,0,noise,,,,,
1398,says,587.799988,588.02002,0,,,,,,
1399,a,588.02002,588.140015,0,,,,,,
1400,couple,588.140015,588.549988,0,,,,,,
1401,of,588.549988,588.580017,0,,,,,,
1402,words,588.580017,588.969971,4,,,,,,
1403,um,589.109985,589.570007,0,1,,,,,
1404,a,589.809998,589.840027,0,,,,,,
1405,bunch,589.840027,590.01001,0,,,,,,
1406,of,590.01001,590.080017,0,,,,,,
1407,like,590.080017,590.23999,0,,,,,,
1408,incantations,590.23999,590.950012,0,,,,,,
1409,to,590.950012,592.039978,0,,,,,,
1410,it,592.039978,592.169983,1,,,,,,
1411,it,592.169983,592.25,0,,,,,,
1412,glows,592.25,592.76001,1,,,,,,
1413,and,592.76001,592.849976,0,,,,,,
1414,then,592.849976,592.969971,0,,,,,,
1415,she,592.969971,593.130005,0,,,,,,
1416,turns,593.130005,593.52002,0,,,,,,
1417,into,593.52002,593.909973,0,,,,,,
1418,the,593.909973,594.030029,0,,,,,,
1419,woman,594.030029,594.320007,0,,,,,,
1420,who,594.320007,594.530029,0,,,,,,
1421,was,594.530029,594.710022,2,,,,,,
1422,used,594.710022,595.5,0,,,,,,
1423,to,595.530029,595.669983,0,,,,,,
1424,be,595.669983,596.030029,0,,,,,,
1425,like,596.030029,596.23999,0,1,,,,,
1426,alive,596.23999,596.77002,0,,,,,,
1427,and,596.820007,596.960022,0,,,,,,
1428,well,596.960022,597.280029,0,,,,,,
1429,in,597.280029,597.349976,0,,,,,,
1430,the,597.349976,597.419983,0,,,,,,
1431,tent,597.419983,598.289978,1,,,,,,
1432,and,598.289978,598.340027,0,,,,,,
1433,then,598.340027,598.590027,0,,,,,,
1434,um,598.630005,598.919983,0,1,,,,,
1435,she,600.419983,600.5,0,,,,,,
1436,looks,600.5,600.650024,0,,,,,,
1437,at,600.650024,600.76001,0,,,,,,
1438,herself,600.76001,601.01001,0,,,,,,
1439,in,601.01001,601.070007,0,,,,,,
1440,the,601.070007,601.140015,0,,,,,,
1441,mirror,601.140015,601.419983,0,,,,,,
1442,though,601.419983,601.609985,1,,,,,,
1443,and,601.609985,601.690002,0,,,,,,
1444,the,601.690002,601.77002,0,,,,,,
1445,mirror,601.77002,602.080017,0,,,,,,
1446,shows,602.080017,602.27002,0,,,,,,
1447,that,602.27002,602.380005,0,,,,,,
1448,she's,602.380005,602.590027,0,,,,,,
1449,still,602.590027,602.830017,0,,,,,,
1450,this,602.830017,603.080017,0,,,,,,
1451,like,603.080017,603.349976,0,1,,,,,
1452,kind,603.349976,603.789978,0,,,,,,
1453,of,603.789978,603.830017,0,,,,,,
1454,old,603.830017,604.570007,0,,,,,,
1455,witch,604.630005,605.030029,1,,,,,,
1456,uh,605.530029,605.969971,0,1,,,,,
1457,so,606.049988,606.5,0,2,,,,,
1458,yeah,606.909973,607.140015,0,1,,,,,
1459,that's,607.140015,608.070007,0,,,,,,
1460,that,608.070007,608.570007,0,,,,,,
1461,scene,608.809998,609.099976,1,,,,,,
1462,and,609.099976,609.619995,0,,,,,,
1463,then,609.619995,610.02002,0,,,,,,
1464,um,610.109985,610.47998,0,1,,,,,
1465,the,610.47998,610.51001,0,,,,,,
1466,next,610.51001,612.030029,0,,,,,,
1467,time,612.200012,613.030029,0,,,,,,
1468,we,613.030029,613.299988,0,,,,,,
1469,see,613.299988,613.48999,0,,,,,,
1470,her,613.48999,613.659973,0,,,,,,
1471,she,613.659973,614.109985,0,,,,,,
1472,uh,614.679993,615.159973,0,1,,,,,
1473,is,615.210022,615.23999,0,,,,,,
1474,coming,615.23999,615.5,0,,,,,,
1475,off,615.5,615.75,0,,,,,,
1476,of,615.75,615.880005,0,,,,,,
1477,a,615.880005,616.02002,0,,,,,,
1478,horse,616.02002,616.5,0,,,,,,
1479,and,616.5,617.080017,0,,,,,,
1480,um,617.47998,618.059998,0,1,,,,,
1481,walking,618.669983,619.23999,0,,,,,,
1482,into,619.23999,619.900024,0,,,,,,
1483,the,620.309998,620.73999,0,,,,,,
1484,castle,620.77002,621.22998,1,,,,,,
1485,so,621.650024,622.099976,2,,,,,,
1486,uh,622.590027,623.159973,0,1,,,,,
1487,oh,623.780029,623.859985,0,1,,,,,
1488,and,623.859985,623.98999,0,,,,,,
1489,also,623.98999,624.429993,0,,,,,,
1490,when,624.429993,624.640015,0,,,,,,
1491,she,624.640015,624.849976,0,,,,,,
1492,steps,624.849976,625.190002,0,,,,,,
1493,off,625.190002,625.380005,0,,,,,,
1494,we,625.380005,625.47998,0,,,,,,
1495,see,625.47998,625.609985,0,,,,,,
1496,that,625.609985,625.72998,0,,,,,,
1497,even,625.72998,625.950012,0,,,,,,
1498,the,625.950012,626.059998,0,,,,,,
1499,water,626.059998,626.369995,0,,,,,,
1500,reflects,626.369995,627.109985,0,,,,,,
1501,like,627.109985,627.289978,0,1,,,,,
1502,who,627.72998,627.799988,0,,,,,,
1503,she,627.799988,627.97998,0,,,,,,
1504,really,627.97998,628.26001,0,,,,,,
1505,is,628.26001,628.390015,0,,,,,,
1506,which,628.390015,628.549988,0,,,,,,
1507,is,628.549988,628.630005,0,,,,,,
1508,like,628.630005,628.799988,0,1,,,,,
1509,this,628.799988,628.940002,0,,,,,,
1510,old,628.940002,629.119995,0,,,,,,
1511,witch,629.119995,629.419983,0,,,,,,
1512,and,629.419983,629.539978,0,,,,,,
1513,not,629.539978,629.830017,0,,,,,,
1514,um,630.150024,630.380005,0,1,,,,,
1515,this,630.409973,630.549988,0,,,,,,
1516,like,630.549988,630.789978,0,1,,,,,
1517,young,630.789978,631.039978,0,,,,,,
1518,brunette,631.530029,631.809998,0,,,,,,
1519,lady,631.809998,632.190002,1,,,,,,
1520,so,632.190002,632.960022,0,,,,,,
1521,um,632.960022,633.330017,0,1,,,,,
1522,she,634.919983,635.349976,0,,,,,,
1523,kind,635.830017,636.309998,0,2,,,,,
1524,of,636.309998,636.340027,0,2,,,,,
1525,walks,636.340027,636.469971,0,,,,,,
1526,in,636.469971,636.539978,1,,,,,,
1527,the,636.539978,636.76001,0,,,,,,
1528,king,636.76001,636.98999,0,,,,,,
1529,is,637.23999,637.27002,0,,,,,,
1530,very,637.27002,637.619995,0,,,,,,
1531,very,637.619995,637.840027,0,,,,,,
1532,happy,637.840027,638.169983,0,,,,,,
1533,to,638.169983,638.25,0,,,,,,
1534,see,638.25,638.409973,0,,,,,,
1535,her,638.409973,638.710022,1,,,,,,
1536,uh,639.26001,639.469971,0,1,,,,,
1537,we,639.469971,639.650024,0,,,,,,
1538,learn,639.650024,640.02002,0,,,,,,
1539,that,640.109985,640.380005,0,,,,,,
1540,she,640.76001,641.349976,0,,,,,,
1541,is,641.349976,641.789978,0,,,,,,
1542,like,641.789978,641.940002,0,1,,,,,
1543,a,641.940002,642.090027,0,,,,,,
1544,singer,642.090027,642.469971,0,,,,,,
1545,for,642.469971,643.25,0,,,,,,
1546,all,643.25,643.460022,0,,,,,,
1547,like,643.460022,643.619995,0,1,,,,,
1548,the,643.619995,643.710022,0,,,,,,
1549,festival,643.710022,644.469971,0,,,,,,
1550,stuff,644.469971,644.880005,0,,,,,,
1551,that's,644.880005,645.049988,0,,,,,,
1552,going,645.049988,645.419983,0,,,,,,
1553,on,645.419983,645.47998,1,,,,,,
1554,and,645.47998,646.400024,0,,,,,,
1555,then,646.400024,646.710022,0,,,,,,
1556,so,646.710022,646.960022,0,,,,,,
1557,he,646.960022,647.140015,0,,,,,,
1558,just,647.140015,647.330017,0,,,,,,
1559,like,647.330017,647.47998,0,1,,,,,
1560,sends,647.47998,647.679993,0,,,,,,
1561,her,647.679993,647.820007,0,,,,,,
1562,on,647.820007,647.849976,0,,,,,,
1563,her,647.849976,647.909973,0,,,,,,
1564,way,647.909973,648.150024,1,,,,,,
1565,says,648.150024,648.390015,1,,,,,,
1566,thanks,648.390015,649.179993,0,,start quote,,,,
1567,for,649.179993,649.289978,0,,,,,,
1568,coming,649.289978,649.710022,1,,end quote,,,,
1569,um,650.75,651.080017,0,1,,,,,
1570,so,651.580017,653.390015,0,,,,,,
1571,merlin,653.440002,654.140015,0,,,,,,
1572,is,654.140015,654.609985,0,,,,,,
1573,uh,655.330017,655.690002,0,1,,,,,
1574,like,655.789978,656.01001,0,1,,,,,
1575,out,656.359985,656.580017,0,,,,,,
1576,and,656.580017,656.669983,0,,,,,,
1577,about,656.669983,656.940002,0,,,,,,
1578,again,656.940002,657.27002,1,,,,,,
1579,and,657.390015,657.960022,0,,,,,,
1580,um,658.409973,659.02002,0,1,,,,,
1581,this,660.359985,660.619995,0,,,,,,
1582,time,660.619995,661.359985,2,,,,,,
1583,wait,663.27002,663.570007,1,,,,,,
1584,no,664.23999,664.440002,1,,,,,,
1585,not,664.440002,664.549988,0,,,,,,
1586,yet,664.549988,664.880005,3,,,,,,
1587,this,664.880005,665.02002,0,,,,,,
1588,time,665.02002,665.380005,0,,,,,,
1589,he,665.73999,665.900024,0,,,,,,
1590,is,665.900024,666.119995,0,,,,,,
1591,sent,666.119995,666.469971,0,,,,,,
1592,to,666.469971,666.619995,0,,,,,,
1593,give,666.619995,667,0,,,,,,
1594,uh,667.619995,668.130005,0,1,,,,,
1595,to,668.159973,668.289978,0,,,,,,
1596,her,668.289978,668.580017,2,,,,,,
1597,like,668.580017,668.72998,0,1,,,,,
1598,the,668.72998,668.849976,0,,,,,,
1599,singer,668.849976,669.309998,3,,,,,,
1600,um,669.719971,670.23999,0,1,,,,,
1601,like,670.73999,671.190002,0,1,,,,,
1602,this,671.190002,671.340027,0,,,,,,
1603,little,671.340027,671.679993,0,,,,,,
1604,thing,671.679993,672.409973,0,,,,,,
1605,for,672.409973,672.659973,0,,,,,,
1606,her,672.659973,672.780029,0,,,,,,
1607,voice,672.780029,673.080017,1,,,,,,
1608,it's,673.080017,673.22998,0,,,,,,
1609,like,673.22998,673.349976,0,,,,,,
1610,a,673.349976,673.400024,0,,,,,,
1611,vial,673.400024,673.840027,0,,,,,,
1612,presumably,673.840027,674.51001,0,,,,,,
1613,of,674.51001,674.710022,0,,,,,,
1614,like,674.710022,674.859985,0,1,,,,,
1615,some,674.859985,675.01001,0,,,,,,
1616,kind,675.01001,675.349976,0,,,,,,
1617,of,675.859985,676.119995,0,,,,,,
1618,medicine,676.119995,676.48999,0,,,,,,
1619,for,676.48999,676.650024,0,,,,,,
1620,her,676.650024,676.710022,0,,,,,,
1621,voice,676.710022,677.580017,1,,,,,,
1622,and,677.580017,677.909973,0,,,,,,
1623,um,677.940002,678.460022,0,1,,,,,
1624,so,678.619995,678.75,0,,,,,,
1625,he,678.75,678.849976,0,,,,,,
1626,goes,678.849976,679.109985,0,,,,,,
1627,to,679.109985,679.23999,0,,,,,,
1628,her,679.23999,679.590027,0,,,,,,
1629,like,680.140015,680.320007,0,1,,,,,
1630,room,681.190002,681.77002,0,,,,,,
1631,i,681.799988,681.919983,0,,,,,,
1632,guess,681.919983,682.159973,1,,,,,,
1633,and,682.630005,683.080017,0,,,,,,
1634,um,683.159973,683.539978,0,1,,,,,
1635,he,684.080017,684.169983,0,,,,,,
1636,puts,684.169983,684.400024,0,,,,,,
1637,it,684.400024,684.450012,0,,,,,,
1638,down,684.450012,684.690002,0,,,,,,
1639,at,684.690002,684.809998,0,,,,,,
1640,first,684.809998,685,0,,,,,,
1641,because,685,685.119995,0,,,,,,
1642,no,685.119995,685.23999,0,,,,,,
1643,one's,685.23999,685.390015,0,,,,,,
1644,there,685.390015,685.75,1,,,,,,
1645,and,685.75,687.070007,0,,,,,,
1646,he,687.179993,687.289978,0,,,,,,
1647,notices,687.289978,687.719971,0,,,,,,
1648,like,687.719971,688.169983,0,1,,,,,
1649,that,688.169983,688.440002,0,,,,,,
1650,voodoo,688.440002,688.799988,0,,,,,,
1651,doll,688.799988,689.080017,0,,,,,,
1652,that,689.080017,689.380005,0,,,,,,
1653,she,689.919983,690.130005,0,,,,,,
1654,had,690.130005,690.669983,0,,,,,,
1655,um,690.700012,691.22998,0,1,,,,,
1656,stab,691.700012,692.090027,2,,,,,,
1657,she,692.26001,692.440002,0,,,,,,
1658,had,692.440002,692.820007,0,,,,,,
1659,been,692.820007,692.969971,0,,,,,,
1660,stabbing,692.969971,693.330017,0,,,,,,
1661,in,693.330017,693.400024,0,,,,,,
1662,the,693.400024,693.47998,0,,,,,,
1663,tent,693.47998,694.179993,1,,,,,,
1664,and,694.26001,694.359985,0,,,,,,
1665,then,694.359985,694.710022,0,,,,,,
1666,uh,694.98999,695.460022,0,1,,,,,
1667,he,696.26001,697.059998,0,,,,,,
1668,looks,697.23999,697.440002,0,,,,,,
1669,fairly,697.77002,698.169983,0,,,,,,
1670,confused,698.169983,699.549988,0,,,,,,
1671,and,699.580017,699.919983,0,,,,,,
1672,um,699.919983,700.400024,0,1,,,,,
1673,kind,700.619995,700.840027,0,2,,,,,
1674,of,700.840027,700.950012,0,2,,,,,
1675,concerned,700.950012,701.429993,1,,,,,,
1676,and,701.429993,701.5,0,,,,,,
1677,then,701.5,701.679993,0,,,,,,
1678,he,702.190002,702.559998,0,,,,,,
1679,uh,702.559998,703.02002,0,1,,,,,
1680,like,703.210022,703.5,0,1,,,,,
1681,moves,703.5,703.75,0,,,,,,
1682,this,703.75,703.929993,0,,,,,,
1683,little,703.929993,704.080017,0,,,,,,
1684,sheet,704.080017,704.349976,0,,,,,,
1685,off,704.349976,705.02002,1,,,,,,
1686,and,705.02002,705.25,0,,,,,,
1687,it's,705.369995,705.48999,0,,,,,,
1688,like,705.48999,705.619995,0,,,,,,
1689,a,705.619995,705.76001,0,,,,,,
1690,stack,705.76001,706.080017,0,,,,,,
1691,of,706.080017,706.419983,0,,,,,,
1692,i,706.650024,706.77002,0,,,,,,
1693,guess,706.77002,707.049988,0,,,,,,
1694,what,707.400024,707.52002,0,,,,,,
1695,we,707.52002,707.780029,0,,,,,,
1696,would,707.780029,707.97998,0,,,,,,
1697,understand,708.400024,708.789978,0,,,,,,
1698,to,708.789978,708.880005,0,,,,,,
1699,be,708.880005,708.960022,0,,,,,,
1700,like,708.960022,709.080017,0,,,,,,
1701,spell,709.080017,709.349976,0,,,,,,
1702,books,709.349976,709.580017,0,,,,,,
1703,or,709.580017,709.650024,0,,,,,,
1704,something,709.650024,710.049988,1,,,,,,
1705,and,710.409973,710.48999,0,,,,,,
1706,he's,710.48999,710.669983,0,,,,,,
1707,looking,710.669983,710.960022,0,,,,,,
1708,at,710.960022,711.090027,0,,,,,,
1709,it,711.090027,711.130005,0,,,,,,
1710,also,711.130005,711.530029,0,,,,,,
1711,fairly,711.530029,711.890015,0,,,,,,
1712,confused,711.890015,714.22998,1,,,,,,
1713,um,714.570007,714.650024,0,1,,,,,
1714,the,714.650024,714.820007,0,,,,,,
1715,scene,714.890015,714.97998,0,,,,,,
1716,then,714.97998,715.200012,0,,,,,,
1717,cuts,715.200012,715.450012,0,,,,,,
1718,cuts,715.75,716.070007,0,,repetition,,,,
1719,to,716.070007,716.179993,0,,,,,,
1720,the,716.179993,716.409973,0,,,,,,
1721,lady,716.409973,716.830017,1,,,,,,
1722,and,717.190002,717.719971,0,,,,,,
1723,she,717.969971,718.570007,0,,,,,,
1724,uh,719.840027,720.080017,0,1,,,,,
1725,she,720.140015,720.289978,0,,repetition,,,,
1726,looks,720.289978,720.52002,0,,,,,,
1727,concerned,720.52002,721.109985,1,,,,,,
1728,she,721.650024,722.01001,0,,,,,,
1729,um,722.01001,722.48999,0,1,,,,,
1730,is,722.549988,722.669983,0,,,,,,
1731,really,722.669983,722.969971,0,,,,,,
1732,close,722.969971,723.22998,0,,,,,,
1733,to,723.22998,723.369995,0,,,,,,
1734,her,723.369995,723.429993,0,,,,,,
1735,room,723.429993,723.77002,0,,,,,,
1736,and,723.77002,723.969971,0,,,,,,
1737,um,724.5,725.01001,0,1,,,,,
1738,turns,725.23999,725.450012,0,,,,,,
1739,around,725.450012,725.630005,0,,,,,,
1740,quickly,725.630005,725.950012,1,,,,,,
1741,walks,725.950012,726.299988,0,,,,,,
1742,towards,726.299988,726.669983,0,,,,,,
1743,it,726.669983,726.880005,1,,,,,,
1744,and,726.909973,727.27002,0,,,,,,
1745,um,728.070007,728.530029,0,1,,,,,
1746,just,728.830017,729.030029,0,,,,,,
1747,as,729.030029,729.130005,0,,,,,,
1748,she's,729.130005,729.390015,0,,,,,,
1749,about,729.390015,729.549988,0,,,,,,
1750,to,729.549988,729.669983,0,,,,,,
1751,come,729.669983,729.869995,0,,,,,,
1752,in,729.869995,729.98999,0,,,,,,
1753,merlin,729.98999,730.280029,0,,,,,,
1754,like,730.280029,730.390015,0,1,,,,,
1755,quickly,730.390015,730.73999,0,,,,,,
1756,puts,730.73999,730.960022,0,,,,,,
1757,the,730.960022,731.070007,0,,,,,,
1758,book,731.070007,731.280029,0,,,,,,
1759,down,731.280029,731.559998,4,,,,,,
1760,like,731.559998,731.669983,0,1,,,,,
1761,covers,731.669983,732.01001,0,,,,,,
1762,it,732.01001,732.090027,0,,,,,,
1763,back,732.090027,732.320007,0,,,,,,
1764,up,732.320007,732.549988,1,,,,,,
1765,and,733.109985,733.52002,0,,,,,,
1766,um,733.549988,733.97998,0,1,,,,,
1767,she,735.52002,735.599976,0,,,,,,
1768,comes,735.599976,735.840027,0,,,,,,
1769,in,735.840027,736.02002,1,,,,,,
1770,says,736.02002,736.330017,1,,,,,,
1771,what,736.440002,736.659973,0,,start quote,,,,
1772,are,736.659973,736.690002,0,,,,,,
1773,you,736.690002,736.789978,0,,,,,,
1774,doing,736.789978,736.969971,0,,,,,,
1775,here,736.969971,737.23999,1,,end quote,,,,
1776,and,737.719971,737.820007,0,,,,,,
1777,then,737.820007,738.070007,0,,,,,,
1778,he,738.22998,738.419983,0,,,,,,
1779,just,738.419983,738.659973,0,,,,,,
1780,gives,738.659973,738.859985,0,,,,,,
1781,her,738.859985,739.059998,0,,,,,,
1782,the,739.059998,739.159973,0,,,,,,
1783,medicine,739.159973,739.52002,1,,,,,,
1784,tells,739.52002,739.76001,0,,,,,,
1785,her,739.76001,739.940002,0,,,,,,
1786,he,739.940002,740.099976,0,,,,,,
1787,was,740.099976,740.26001,0,,,,,,
1788,there,740.26001,740.409973,0,,,,,,
1789,to,740.409973,740.5,0,,,,,,
1790,deliver,740.5,740.830017,0,,,,,,
1791,that,740.830017,741.030029,0,,,,,,
1792,and,741.52002,741.840027,0,,,,,,
1793,leaves,741.960022,742.22998,1,,,,,,
1794,um,742.780029,743.26001,0,1,,,,,
1795,so,744.429993,744.590027,0,2,,,,,
1796,yeah,744.590027,744.859985,0,1,,,,,
1797,and,745.359985,745.460022,0,,,,,,
1798,then,745.460022,745.950012,0,,,,,,
1799,um,746.070007,746.570007,0,1,,,,,
1800,somewhere,748.25,748.679993,0,,,,,,
1801,in,748.679993,748.73999,0,,,,,,
1802,another,748.73999,749.109985,0,,,,,,
1803,conversation,749.109985,749.840027,0,,,,,,
1804,with,750.299988,750.619995,0,,,,,,
1805,the,751.01001,751.570007,0,,,,,,
1806,uh,751.690002,752.210022,0,1,,,,,
1807,court,752.840027,753.210022,0,,,,,,
1808,physician,753.210022,753.77002,0,,,,,,
1809,we,754.140015,754.26001,0,,,,,,
1810,learn,754.26001,754.52002,0,,,,,,
1811,that,754.52002,754.75,0,,,,,,
1812,there,754.75,755.27002,2,,,,,,
1813,uh,755.450012,755.840027,0,1,,,,,
1814,all,756.200012,756.26001,0,,,,,,
1815,the,756.26001,756.289978,0,,,,,,
1816,dragons,756.289978,756.890015,0,,,,,,
1817,had,756.890015,757.080017,0,,,,,,
1818,been,757.080017,757.23999,0,,,,,,
1819,killed,757.23999,757.52002,0,,,,,,
1820,twenty,757.52002,757.72998,0,,,,,,
1821,years,757.72998,757.950012,0,,,,,,
1822,ago,757.950012,758.22998,0,,,,,,
1823,because,758.669983,759.049988,0,,,,,,
1824,magic,759.450012,759.919983,0,,,,,,
1825,like,759.919983,760.190002,0,1,,,,,
1826,sent,760.190002,760.599976,0,,,,,,
1827,this,760.599976,760.859985,0,,,,,,
1828,world,760.859985,761.26001,0,,,,,,
1829,into,761.26001,761.409973,0,,,,,,
1830,chaos,761.409973,761.880005,0,,,,,,
1831,except,762.210022,762.559998,0,,,,,,
1832,for,762.559998,762.669983,0,,,,,,
1833,one,762.669983,762.97998,0,,,,,,
1834,which,762.97998,763.119995,0,,,,,,
1835,is,763.119995,763.299988,0,,,,,,
1836,underneath,763.380005,763.880005,0,,,,,,
1837,the,763.880005,763.950012,0,,,,,,
1838,castle,763.950012,764.450012,1,,,,,,
1839,um,764.960022,765.419983,0,1,,,,,
1840,so,766.039978,766.109985,0,,,,,,
1841,there's,766.109985,766.340027,0,,,,,,
1842,a,766.340027,766.419983,0,,,,,,
1843,bit,766.419983,766.570007,0,,,,,,
1844,of,766.570007,766.690002,0,,,,,,
1845,foreshadowing,766.690002,767.380005,1,,,,,,
1846,um,767.969971,768.320007,0,1,,,,,
1847,and,769.820007,769.969971,0,,,,,,
1848,then,770.130005,770.26001,0,,,,,,
1849,so,770.659973,770.940002,0,2,,,,,
1850,merlin,770.940002,771.299988,0,,,,,,
1851,bumps,771.380005,771.700012,0,,,,,,
1852,into,771.700012,772.289978,0,,,,,,
1853,arthur,772.710022,773.330017,0,,,,,,
1854,and,773.330017,773.469971,0,,,,,,
1855,his,773.469971,773.719971,0,,,,,,
1856,gang,773.719971,774.049988,0,,,,,,
1857,on,774.049988,774.169983,0,,,,,,
1858,the,774.169983,774.25,0,,,,,,
1859,street,774.25,774.599976,0,,,,,,
1860,again,774.599976,774.950012,1,,,,,,
1861,and,775.450012,776.030029,0,,,,,,
1862,um,776.030029,776.309998,0,1,,,,,
1863,at,776.340027,776.530029,0,,,,,,
1864,first,776.530029,776.950012,0,,,,,,
1865,when,776.950012,777.090027,0,,,,,,
1866,arthur,777.090027,777.369995,0,,,,,,
1867,calls,777.369995,777.590027,0,,,,,,
1868,out,777.590027,777.77002,0,,,,,,
1869,to,777.77002,777.890015,0,,,,,,
1870,him,777.890015,778.150024,0,,,,,,
1871,he,778.460022,778.530029,0,,,,,,
1872,tries,778.530029,778.789978,0,,,,,,
1873,to,778.789978,778.859985,0,,,,,,
1874,ignore,778.859985,779.150024,0,,,,,,
1875,them,779.150024,779.369995,1,,,,,,
1876,but,779.369995,779.5,0,,,,,,
1877,then,779.5,779.820007,0,,,,,,
1878,arthur,780.02002,780.23999,0,,,,,,
1879,just,780.23999,780.390015,0,,,,,,
1880,keeps,780.390015,780.619995,0,,,,,,
1881,talking,780.619995,781.059998,1,,,,,,
1882,and,781.48999,781.869995,0,,,,,,
1883,he,781.869995,782.27002,0,,,,,,
1884,can't,782.27002,782.570007,0,,,,,,
1885,ignore,782.570007,782.789978,0,,,,,,
1886,him,782.789978,782.909973,0,,,,,,
1887,anymore,782.909973,783.359985,1,,,,,,
1888,and,783.780029,783.859985,0,,,,,,
1889,then,783.859985,784.130005,0,,,,,,
1890,so,784.130005,784.609985,0,2,,,,,
1891,um,784.609985,784.940002,0,1,,,,,
1892,mm,787.950012,787.969971,0,1,,,,,
1893,he,788.98999,789.549988,2,,,,,,
1894,um,789.580017,790.059998,0,1,,,,,
1895,he,791.72998,791.900024,0,,,,,,
1896,being,791.900024,792.169983,0,,,,,,
1897,merlin,792.169983,792.72998,3,,,,,,
1898,uh,793.280029,793.369995,0,1,,,,,
1899,keeps,793.369995,793.609985,0,,,,,,
1900,like,793.780029,794,0,1,,,,,
1901,kind,794,794.369995,0,2,,,,,
1902,of,794.369995,795,0,2,,,,,
1903,over,795.23999,795.630005,0,,,,,,
1904,bravado,795.630005,796.190002,0,,"A single word, it was wrong split into 2 words",,,,
1905,ing,796.190002,796.390015,4,,,,,,
1906,um,796.76001,797.22998,0,1,,,,,
1907,tells,797.22998,797.539978,0,,,,,,
1908,arthur,797.539978,797.880005,1,,,,,,
1909,like,797.880005,798.22998,0,1,,,,,
1910,oh,798.640015,798.97998,0,1,,,,,
1911,like,798.97998,799.159973,0,1,,,,,
1912,i,799.400024,800.030029,0,,start quote,,,,
1913,could,800.059998,800.380005,0,,,,,,
1914,beat,800.630005,800.710022,0,,,,,,
1915,you,800.710022,800.919983,0,,,,,,
1916,up,800.919983,801.080017,0,,,,,,
1917,with,801.080017,801.299988,0,,,,,,
1918,like,801.299988,801.47998,0,1,,,,,
1919,less,801.47998,801.77002,0,,,,,,
1920,than,801.77002,802.359985,0,,,,,,
1921,a,802.51001,802.580017,0,,,,,,
1922,sword,802.580017,802.919983,4,,end quote,,,,
1923,or,802.919983,803.109985,0,,,,,,
1924,whatever,803.440002,803.73999,0,,,,,,
1925,he,803.73999,803.859985,0,,,,,,
1926,had,803.859985,804.080017,0,,,,,,
1927,said,804.080017,804.320007,1,,,,,,
1928,so,804.820007,805.02002,0,,,,,,
1929,arthur,805.02002,805.299988,0,,,,,,
1930,throws,805.299988,805.609985,0,,,,,,
1931,him,805.609985,805.76001,0,,,,,,
1932,like,805.76001,805.98999,0,1,,,,,
1933,this,805.98999,806.719971,2,,,,,,
1934,not,806.719971,806.909973,0,,,,,,
1935,sure,806.909973,807.039978,0,,,,,,
1936,what,807.039978,807.179993,0,,,,,,
1937,the,807.179993,807.26001,0,,,,,,
1938,term,807.26001,807.640015,0,,,,,,
1939,is,807.640015,807.820007,0,,,,,,
1940,for,807.820007,808.119995,0,,,,,,
1941,it,808.119995,808.190002,3,,,,,,
1942,but,808.619995,808.809998,0,,,,,,
1943,the,809.159973,809.679993,0,,,,,,
1944,like,809.710022,809.919983,0,1,,,,,
1945,stick,810.059998,810.25,0,,,,,,
1946,with,810.25,810.380005,0,,,,,,
1947,a,810.380005,810.409973,0,,,,,,
1948,chain,810.409973,810.76001,0,,,,,,
1949,on,810.76001,810.890015,0,,,,,,
1950,the,810.890015,811.030029,0,,,,,,
1951,end,811.030029,811.330017,0,,,,,,
1952,that,811.330017,812.140015,0,,,,,,
1953,you,812.140015,812.210022,0,,,,,,
1954,kind,812.210022,812.359985,0,2,,,,,
1955,of,812.359985,812.440002,0,2,,,,,
1956,whoop,812.440002,812.719971,0,,,,,,
1957,around,812.719971,813.130005,0,,,,,,
1958,to,813.130005,813.320007,0,,,,,,
1959,hurt,813.320007,813.559998,0,,,,,,
1960,people,813.559998,813.919983,1,,,,,,
1961,so,814.570007,814.719971,0,,,,,,
1962,arthur,814.849976,814.969971,0,,,,,,
1963,comes,814.969971,815.179993,0,,,,,,
1964,after,815.179993,815.450012,0,,,,,,
1965,him,815.450012,815.599976,0,,,,,,
1966,with,815.599976,815.72998,0,,,,,,
1967,one,815.72998,815.869995,0,,,,,,
1968,of,815.869995,815.97998,0,,,,,,
1969,those,815.97998,816.299988,1,,,,,,
1970,and,816.299988,816.51001,0,,,,,,
1971,at,816.51001,816.630005,0,,,,,,
1972,first,816.630005,816.909973,0,,,,,,
1973,merlin,816.909973,817.190002,0,,,,,,
1974,is,817.190002,817.380005,0,,,,,,
1975,like,817.380005,817.599976,0,1,,,,,
1976,super,817.599976,817.849976,0,,,,,,
1977,clumsy,817.849976,818.369995,1,,,,,,
1978,all,818.679993,818.799988,0,,,,,,
1979,he,818.799988,818.880005,0,,,,,,
1980,can,818.880005,819.02002,0,,,,,,
1981,do,819.02002,819.159973,0,,,,,,
1982,is,819.159973,819.23999,0,,,,,,
1983,run,819.23999,819.460022,0,,,,,,
1984,away,819.460022,819.940002,1,,,,,,
1985,there,820.320007,820.460022,0,,,,,,
1986,are,820.460022,820.48999,0,,,,,,
1987,like,820.48999,820.719971,0,1,,,,,
1988,portions,820.719971,821.119995,0,,,,,,
1989,of,821.119995,821.169983,0,,,,,,
1990,the,821.169983,821.280029,0,,,,,,
1991,town,821.280029,821.710022,0,,,,,,
1992,kind,821.710022,822.039978,0,2,,,,,
1993,of,822.039978,822.090027,0,2,,,,,
1994,getting,822.090027,822.340027,0,,,,,,
1995,destroyed,822.340027,822.969971,1,,,,,,
1996,um,823.409973,823.820007,0,1,,,,,
1997,yeah,825.25,825.700012,0,1,,,,,
1998,he,825.950012,826.419983,2,,,,,,
1999,like,826.830017,827.710022,0,1,,,,,
2000,it's,827.840027,828,0,,,,,,
2001,very,828.200012,828.400024,0,,,,,,
2002,busy,828.400024,828.640015,0,,,,,,
2003,out,828.640015,828.690002,1,,,,,,
2004,so,828.690002,828.809998,0,,,,,,
2005,he's,828.809998,829.080017,0,,,,,,
2006,like,829.080017,829.219971,0,1,,,,,
2007,bumping,829.219971,829.5,0,,,,,,
2008,into,829.5,829.669983,0,,,,,,
2009,people,829.669983,830.219971,1,,,,,,
2010,lots,830.539978,830.849976,0,,,,,,
2011,of,830.849976,830.960022,0,,,,,,
2012,fruit,831.090027,831.380005,0,,,,,,
2013,is,831.380005,831.440002,0,,,,,,
2014,getting,831.440002,831.700012,0,,,,,,
2015,smashed,831.700012,832.27002,0,,,,,,
2016,like,832.27002,832.51001,0,1,,,,,
2017,running,832.869995,833.219971,0,,,,,,
2018,over,833.219971,833.780029,0,,,,,,
2019,um,833.809998,834.099976,0,1,,,,,
2020,fruit,834.099976,834.390015,0,,,,,,
2021,carts,834.390015,834.690002,0,,,,,,
2022,and,834.690002,834.809998,0,,,,,,
2023,stuff,834.809998,835.26001,1,,,,,,
2024,and,835.97998,836.059998,0,,,,,,
2025,then,836.059998,836.349976,0,,,,,,
2026,um,836.349976,836.820007,0,1,,,,,
2027,he,836.820007,836.909973,0,,,,,,
2028,kind,836.909973,837.23999,0,2,,,,,
2029,of,837.23999,837.309998,0,2,,,,,
2030,goes,837.309998,837.400024,0,,,,,,
2031,back,837.400024,837.710022,0,,,,,,
2032,into,837.710022,837.900024,0,,,,,,
2033,this,837.900024,838.070007,0,,,,,,
2034,alleyway,838.070007,838.630005,1,,,,,,
2035,and,838.98999,839.349976,0,,,,,,
2036,he's,839.349976,839.5,0,,,,,,
2037,just,839.5,839.830017,2,,,,,,
2038,he,839.830017,840.179993,0,,,,,,
2039,tripped,840.179993,840.530029,0,,,,,,
2040,and,840.530029,840.719971,0,,,,,,
2041,fell,840.719971,841.049988,0,,,,,,
2042,on,841.049988,841.210022,0,,,,,,
2043,this,841.210022,841.400024,0,,,,,,
2044,pile,842.02002,842.27002,0,,,,,,
2045,of,842.27002,842.419983,0,,,,,,
2046,stuff,842.419983,842.789978,1,,,,,,
2047,and,842.789978,842.950012,0,,,,,,
2048,arthur's,843.299988,843.669983,0,,,,,,
2049,standing,843.669983,843.97998,0,,,,,,
2050,over,843.97998,844.27002,0,,,,,,
2051,him,844.27002,844.51001,0,,,,,,
2052,like,844.51001,844.650024,0,1,,,,,
2053,swinging,844.650024,845.02002,0,,,,,,
2054,this,845.02002,845.340027,0,,,,,,
2055,weapon,845.340027,845.75,0,,,,,,
2056,around,845.75,846.169983,1,,,,,,
2057,um,846.580017,846.960022,0,1,,,,,
2058,but,847.099976,847.200012,0,,,,,,
2059,then,847.200012,847.429993,0,,,,,,
2060,he,847.429993,847.700012,0,,,,,,
2061,uses,847.700012,847.950012,0,,,,,,
2062,magic,847.950012,848.419983,1,,,,,,
2063,and,848.789978,849.219971,0,,,,,,
2064,like,849.340027,849.679993,0,1,,,,,
2065,there's,849.679993,849.890015,0,,,,,,
2066,these,849.890015,850.309998,0,,,,,,
2067,meathooks,850.309998,850.570007,0,,,,,,
2068,nearby,850.570007,851.030029,1,,,,,,
2069,and,851.419983,851.539978,0,,,,,,
2070,then,851.539978,851.929993,0,,,,,,
2071,like,851.929993,852.090027,0,1,,,,,
2072,he,852.090027,852.409973,0,,,,,,
2073,aligns,852.409973,852.77002,0,,,,,,
2074,them,852.77002,852.960022,0,,,,,,
2075,perfectly,853.109985,853.75,0,,,,,,
2076,so,853.75,853.950012,0,,,,,,
2077,that,853.950012,854.190002,0,,,,,,
2078,when,854.190002,854.429993,0,,,,,,
2079,arthur,854.429993,854.669983,0,,,,,,
2080,is,854.669983,854.859985,0,,,,,,
2081,swinging,854.859985,855.299988,0,,,,,,
2082,his,855.73999,856.109985,0,,,,,,
2083,um,856.109985,856.450012,0,1,,,,,
2084,like,856.799988,857.02002,0,1,,,,,
2085,chain,857.02002,857.460022,0,,,,,,
2086,thing,857.460022,857.690002,0,,,,,,
2087,around,857.690002,858.02002,0,,,,,,
2088,it,858.02002,858.190002,0,,,,,,
2089,gets,858.190002,858.409973,0,,,,,,
2090,wrapped,858.409973,858.659973,0,,,,,,
2091,up,858.659973,858.830017,1,,,,,,
2092,and,858.830017,858.859985,0,,,,,,
2093,then,860.090027,860.179993,0,,,,,,
2094,this,860.179993,860.429993,0,,,,,,
2095,is,860.849976,860.890015,0,,,,,,
2096,like,860.890015,861.179993,0,1,,,,,
2097,kind,861.179993,861.320007,0,2,,,,,
2098,of,861.320007,861.380005,0,2,,,,,
2099,merlin's,861.380005,861.719971,0,,,,,,
2100,chance,861.719971,861.98999,1,,,,,,
2101,he,861.98999,862.109985,0,,,,,,
2102,jumps,862.109985,862.440002,0,,,,,,
2103,up,862.440002,862.650024,1,,,,,,
2104,and,862.650024,862.679993,0,,,,,,
2105,then,863.039978,863.440002,0,,,,,,
2106,um,863.440002,863.5,0,1,,,,,
2107,now,863.5,863.929993,0,,,,,,
2108,like,864.51001,865.109985,0,1,,,,,
2109,there's,865.109985,865.5,0,,,,,,
2110,like,865.570007,865.72998,0,1,,,,,
2111,a,865.72998,865.77002,0,,,,,,
2112,bunch,865.77002,865.98999,0,,,,,,
2113,of,865.98999,866.109985,0,,,,,,
2114,scenes,866.109985,866.349976,0,,,,,,
2115,of,866.349976,866.469971,0,,,,,,
2116,him,866.469971,866.669983,0,,,,,,
2117,doing,867.190002,867.440002,0,,,,,,
2118,little,867.440002,867.710022,0,,,,,,
2119,things,867.710022,868.059998,0,,,,,,
2120,to,868.059998,868.169983,0,,,,,,
2121,trip,868.169983,868.369995,0,,,,,,
2122,up,868.369995,868.559998,0,,,,,,
2123,arthur,868.559998,868.900024,1,,,,,,
2124,like,868.900024,869.049988,0,1,,,,,
2125,literally,869.22998,869.609985,0,2,,,,,
2126,like,869.609985,869.799988,0,1,,,,,
2127,he,869.799988,869.869995,0,,,,,,
2128,moves,869.869995,870.150024,0,,,,,,
2129,this,870.150024,870.349976,0,,,,,,
2130,block,870.789978,871.090027,0,,,,,,
2131,in,871.090027,871.169983,0,,,,,,
2132,front,871.169983,871.380005,0,,,,,,
2133,of,871.380005,871.450012,0,,,,,,
2134,him,871.450012,871.609985,0,,,,,,
2135,when,871.609985,871.76001,0,,,,,,
2136,arthur's,871.76001,872.049988,0,,,,,,
2137,trying,872.049988,872.210022,0,,,,,,
2138,to,872.210022,872.23999,0,,,,,,
2139,come,872.23999,872.419983,0,,,,,,
2140,after,872.419983,872.690002,0,,,,,,
2141,him,872.690002,872.840027,1,,,,,,
2142,so,872.840027,872.929993,0,,,,,,
2143,he,872.929993,873.039978,0,,,,,,
2144,trips,873.039978,873.330017,0,,,,,,
2145,over,873.330017,873.570007,0,,,,,,
2146,it,873.570007,874.400024,1,,,,,,
2147,and,874.440002,874.530029,0,,,,,,
2148,then,874.530029,874.809998,0,,,,,,
2149,um,874.809998,875.140015,0,1,,,,,
2150,he,875.140015,875.25,0,,,,,,
2151,hides,875.25,875.609985,0,,,,,,
2152,again,875.609985,875.950012,1,,,,,,
2153,and,876.530029,876.650024,0,,,,,,
2154,then,876.650024,876.780029,0,,,,,,
2155,arthur,876.780029,877.280029,0,,,,,,
2156,still,877.320007,877.580017,0,,,,,,
2157,gets,877.580017,877.789978,0,,,,,,
2158,up,877.789978,878,0,,,,,,
2159,keeps,878,878.219971,0,,,,,,
2160,coming,878.219971,878.419983,0,,,,,,
2161,after,878.419983,878.690002,0,,,,,,
2162,him,878.690002,878.880005,1,,,,,,
2163,and,878.880005,878.97998,0,,,,,,
2164,he,878.97998,879.119995,0,,,,,,
2165,pulls,879.119995,879.72998,0,,,,,,
2166,this,879.72998,879.880005,0,,,,,,
2167,rope,879.880005,880.219971,0,,,,,,
2168,taut,880.219971,880.5,1,,,,,,
2169,so,880.5,880.570007,0,,,,,,
2170,he,880.570007,880.640015,0,,,,,,
2171,trips,880.640015,880.890015,0,,,,,,
2172,over,880.890015,881.109985,0,,,,,,
2173,that,881.109985,881.289978,0,,,,,,
2174,as,881.289978,881.440002,0,,,,,,
2175,well,881.440002,881.789978,1,,,,,,
2176,and,882.340027,882.400024,0,,,,,,
2177,then,882.400024,882.690002,0,,,,,,
2178,so,882.690002,883.159973,0,,,,,,
2179,arthur,883.659973,883.909973,0,,,,,,
2180,is,883.909973,884.059998,0,,,,,,
2181,now,884.059998,884.210022,0,,,,,,
2182,the,884.210022,884.309998,0,,,,,,
2183,one,884.309998,884.52002,0,,,,,,
2184,falling,884.52002,884.880005,0,,,,,,
2185,all,884.880005,885.049988,0,,,,,,
2186,over,885.049988,885.190002,0,,,,,,
2187,the,885.190002,885.280029,0,,,,,,
2188,place,885.280029,885.570007,1,,,,,,
2189,and,885.570007,886.059998,0,,,,,,
2190,by,886.059998,886.51001,0,,,,,,
2191,now,886.51001,886.599976,0,,,,,,
2192,a,886.869995,886.900024,0,,,,,,
2193,fairly,886.900024,887.190002,0,,,,,,
2194,large,887.190002,887.530029,0,,,,,,
2195,crowd,887.530029,887.789978,0,,,,,,
2196,has,887.789978,887.940002,0,,,,,,
2197,gathered,887.940002,888.330017,1,,,,,,
2198,and,888.330017,888.400024,0,,,,,,
2199,we,888.400024,888.539978,0,,,,,,
2200,see,888.539978,888.76001,0,,,,,,
2201,that,888.76001,889.030029,0,,,,,,
2202,um,889.419983,889.799988,0,1,,,,,
2203,uh,891,891.169983,0,1,,,,,
2204,the,891.280029,891.75,0,,,,,,
2205,court,892.099976,892.359985,0,,,,,,
2206,physician,892.359985,892.830017,0,,,,,,
2207,is,892.830017,893.039978,0,,,,,,
2208,also,893.039978,893.349976,0,,,,,,
2209,there,893.349976,893.719971,0,,,,,,
2210,like,894.049988,894.320007,0,1,,,,,
2211,kind,894.5,894.77002,0,2,,,,,
2212,of,894.77002,894.859985,0,2,,,,,
2213,like,894.859985,894.98999,0,1,,,,,
2214,looking,894.98999,895.320007,0,,,,,,
2215,at,895.320007,895.419983,0,,,,,,
2216,arthur,895.419983,895.859985,1,,,,,,
2217,we,895.859985,896.059998,0,,,,,,
2218,kind,896.48999,896.780029,0,2,,,,,
2219,of,896.780029,896.809998,0,2,,,,,
2220,see,896.809998,896.940002,0,,,,,,
2221,a,896.940002,897.030029,0,,,,,,
2222,small,897.030029,897.27002,0,,,,,,
2223,smile,897.27002,897.72998,0,,,,,,
2224,on,897.72998,897.799988,0,,,,,,
2225,his,897.799988,897.97998,0,,,,,,
2226,part,897.97998,898.330017,1,,,,,,
2227,um,898.859985,899.309998,0,1,,,,,
2228,and,899.799988,899.929993,0,,,,,,
2229,yeah,899.929993,900.25,0,1,,,,,
2230,so,900.25,900.390015,0,2,,,,,
2231,arthur,900.390015,900.909973,0,,,,,,
2232,looks,901.309998,901.5,0,,,,,,
2233,at,901.5,901.609985,0,,,,,,
2234,him,901.609985,902,1,,,,,,
2235,and,902.590027,903.450012,0,,,,,,
2236,um,904.150024,905.039978,0,1,,,,,
2237,there,905.690002,905.900024,0,,,,,,
2238,is,905.900024,906.52002,0,,,,,,
2239,an,906.590027,906.799988,0,,,,,,
2240,ending,906.799988,907.280029,0,,,,,,
2241,that,907.280029,907.530029,0,,,,,,
2242,i,907.530029,907.669983,0,,,,,,
2243,can't,907.669983,907.960022,0,,,,,,
2244,recall,907.960022,908.440002,0,,,,,,
2245,right,908.440002,908.690002,0,,,,,,
2246,now,908.690002,909.109985,1,,,,,,
2247,um,909.789978,910.469971,0,1,,,,,
2248,yeah,912.119995,912.590027,0,1,,,,,
2249,i,913.02002,913.059998,0,,,,,,
2250,think,913.059998,913.22998,0,,,,,,
2251,that's,913.22998,914.619995,0,,,,,,
2252,it,914.97998,915.007875,1,,,,,,
